#usda 1.0
(
    defaultPrim = "World"
    metersPerUnit = 1
    upAxis = "Z"
)

def Xform "World"
{
    float xformOp:rotateX:unitsResolve = 90
    uniform token[] xformOpOrder = ["xformOp:rotateX:unitsResolve"]

    def Mesh "Cube" (
        prepend apiSchemas = ["MaterialBindingAPI"]
    )
    {
        int[] faceVertexCounts = [4, 4, 4, 4, 4, 4]
        int[] faceVertexIndices = [0, 1, 2, 3, 4, 5, 6, 7, 8, 9, 10, 11, 12, 13, 14, 15, 16, 17, 18, 19, 20, 21, 22, 23]
        rel material:binding = </World/Material_001>
        normal3f[] normals = [(-1, -0, -0), (-1, -0, -0), (-1, -0, -0), (-1, -0, -0), (-0, -0, -1), (-0, -0, -1), (-0, -0, -1), (-0, -0, -1), (1, -0, -0), (1, -0, -0), (1, -0, -0), (1, -0, -0), (-0, -0, 1), (-0, -0, 1), (-0, -0, 1), (-0, -0, 1), (-0, -1, -0), (-0, -1, -0), (-0, -1, -0), (-0, -1, -0), (-0, 1, -0), (-0, 1, -0), (-0, 1, -0), (-0, 1, -0)]
        point3f[] points = [(-1, -1, -1.482873), (-1, 1, -1.482873), (-1, 1, -3.482873), (-1, -1, -3.482873), (-1, -1, -3.482873), (-1, 1, -3.482873), (1, 1, -3.482873), (1, -1, -3.482873), (1, -1, -3.482873), (1, 1, -3.482873), (1, 1, -1.482873), (1, -1, -1.482873), (1, -1, -1.482873), (1, 1, -1.482873), (-1, 1, -1.482873), (-1, -1, -1.482873), (-1, -1, -3.482873), (1, -1, -3.482873), (1, -1, -1.482873), (-1, -1, -1.482873), (1, 1, -3.482873), (-1, 1, -3.482873), (-1, 1, -1.482873), (1, 1, -1.482873)]
        uniform token subdivisionScheme = "none"
    }

    def Material "Material_001"
    {
        token outputs:surface.connect = </World/Material_001/Shader.outputs:surface>

        def Shader "Shader"
        {
            uniform token info:id = "UsdPreviewSurface"
            color3f inputs:diffuseColor = (0.001456, 0, 0.800149)
            color3f inputs:emissiveColor = (0, 0, 0)
            float inputs:roughness = 0.07999998
            color3f inputs:specularColor = (0.5, 0.5, 0.5)
            int inputs:useSpecularWorkflow = 1
            token outputs:surface
        }
    }

    def Mesh "Sphere" (
        prepend apiSchemas = ["MaterialBindingAPI"]
    )
    {
        int[] faceVertexCounts = [4, 4, 4, 3, 3, 4, 4, 4, 4, 4, 4, 4, 4, 4, 4, 4, 4, 4, 4, 4, 4, 4, 3, 3, 4, 4, 4, 4, 4, 4, 4, 4, 4, 4, 4, 4, 4, 4, 4, 4, 4, 4, 4, 4, 3, 3, 4, 4, 4, 4, 4, 4, 3, 3, 4, 4, 4, 4, 4, 4, 4, 4, 4, 4, 4, 4, 4, 4, 4, 4, 4, 4, 4, 4, 4, 3, 3, 4, 4, 4, 4, 4, 4, 3, 3, 4, 4, 4, 4, 4, 4, 4, 4, 4, 4, 4, 4, 4, 4, 4, 4, 4, 4, 4, 4, 4, 3, 3, 4, 4, 4, 4, 4, 4, 3, 3, 4, 4, 4, 4, 4, 4, 4, 4, 4, 4, 4, 4, 4, 4, 4, 4, 4, 4, 4, 4, 4, 3, 3, 4, 4, 4, 4, 4, 4, 3, 3, 4, 4, 4, 4, 4, 4, 4, 4, 4, 4, 4, 4, 4, 4, 4, 4, 4, 4, 4, 4, 4, 3, 3, 4, 4, 4, 4, 4, 4, 3, 4, 4, 4, 4, 4, 4, 4, 4, 4, 4, 4, 4, 4, 4, 3, 4, 4, 4, 4, 4, 4, 3, 3, 4, 4, 4, 4, 4, 4, 4, 4, 4, 4, 4, 4, 4, 4, 4, 4, 4, 4, 4, 4, 4, 3, 3, 4, 4, 4, 4, 4, 4, 3, 3, 4, 4, 4, 4, 4, 4, 4, 4, 4, 4, 4, 4, 4, 4, 4, 4, 4, 4, 4, 4, 4, 3, 3, 4, 4, 4, 4, 4, 4, 3, 3, 4, 4, 4, 4, 4, 4, 4, 4, 4, 4, 4, 4, 4, 4, 4, 4, 4, 4, 4, 4, 4, 3, 3, 4, 4, 4, 4, 4, 4, 3, 3, 4, 4, 4, 4, 4, 4, 4, 4, 4, 4, 4, 4, 4, 4, 4, 4, 4, 4, 4, 4, 4, 3, 3, 4, 4, 4, 4, 4, 4, 3, 3, 4, 4, 4, 4, 4, 4, 4, 4, 4, 4, 4, 4, 4, 4, 4, 4, 4, 4, 4, 4, 3, 3, 4, 4, 4, 4, 4, 4, 3, 3, 4, 4, 4, 4, 4, 4, 4, 4, 4, 4, 4, 4, 4, 4, 4, 4, 4, 4, 4, 4, 4, 3, 3, 4, 4, 4, 4, 4, 4, 4, 4, 4, 4, 4, 4, 4, 4, 4, 4, 4, 4, 4, 4, 4, 3, 3, 4, 4, 4, 4, 4, 4, 3, 3, 4, 4, 4, 4, 4, 4, 4, 4, 4, 4, 4, 4, 4, 4, 4, 4, 4, 4, 4, 4, 4, 3, 3, 4, 4, 4, 4, 4, 4, 3, 3, 4, 4, 4, 4, 4, 4, 4, 4, 4, 4, 4, 4, 4, 4, 4, 4, 4, 4, 4, 4, 4, 3, 3, 4, 4, 4, 4, 4, 4, 3, 3, 4, 4, 4, 4, 4, 4, 4, 4, 4, 4, 4, 4, 4, 4, 4, 4, 4, 4, 4, 4, 3, 3, 4, 4, 4, 4, 4, 4, 3, 3, 4, 4, 4, 4, 4, 4, 4, 4, 4, 4, 4, 4]
        int[] faceVertexIndices = [0, 1, 2, 3, 4, 5, 6, 7, 8, 9, 10, 11, 12, 13, 14, 15, 16, 17, 18, 19, 20, 21, 22, 23, 24, 25, 26, 27, 28, 29, 30, 31, 32, 33, 34, 35, 36, 37, 38, 39, 40, 41, 42, 43, 44, 45, 46, 47, 48, 49, 50, 51, 52, 53, 54, 55, 56, 57, 58, 59, 60, 61, 62, 63, 64, 65, 66, 67, 68, 69, 70, 71, 72, 73, 74, 75, 76, 77, 78, 79, 80, 81, 82, 83, 84, 85, 86, 87, 88, 89, 90, 91, 92, 93, 94, 95, 96, 97, 98, 99, 100, 101, 102, 103, 104, 105, 106, 107, 108, 109, 110, 111, 112, 113, 114, 115, 116, 117, 118, 119, 120, 121, 122, 123, 124, 125, 126, 127, 128, 129, 130, 131, 132, 133, 134, 135, 136, 137, 138, 139, 140, 141, 142, 143, 144, 145, 146, 147, 148, 149, 150, 151, 152, 153, 154, 155, 156, 157, 158, 159, 160, 161, 162, 163, 164, 165, 166, 167, 168, 169, 170, 171, 172, 173, 174, 175, 176, 177, 178, 179, 180, 181, 182, 183, 184, 185, 186, 187, 188, 189, 190, 191, 192, 193, 194, 195, 196, 197, 198, 199, 200, 201, 202, 203, 204, 205, 206, 207, 208, 209, 210, 211, 212, 213, 214, 215, 216, 217, 218, 219, 220, 221, 222, 223, 224, 225, 226, 227, 228, 229, 230, 231, 232, 233, 234, 235, 236, 237, 238, 239, 240, 241, 242, 243, 244, 245, 246, 247, 248, 249, 250, 251, 252, 253, 254, 255, 256, 257, 258, 259, 260, 261, 262, 263, 264, 265, 266, 267, 268, 269, 270, 271, 272, 273, 274, 275, 276, 277, 278, 279, 280, 281, 282, 283, 284, 285, 286, 287, 288, 289, 290, 291, 292, 293, 294, 295, 296, 297, 298, 299, 300, 301, 302, 303, 304, 305, 306, 307, 308, 309, 310, 311, 312, 313, 314, 315, 316, 317, 318, 319, 320, 321, 322, 323, 324, 325, 326, 327, 328, 329, 330, 331, 332, 333, 334, 335, 336, 337, 338, 339, 340, 341, 342, 343, 344, 345, 346, 347, 348, 349, 350, 351, 352, 353, 354, 355, 356, 357, 358, 359, 360, 361, 362, 363, 364, 365, 366, 367, 368, 369, 370, 371, 372, 373, 374, 375, 376, 377, 378, 379, 380, 381, 382, 383, 384, 385, 386, 387, 388, 389, 390, 391, 392, 393, 394, 395, 396, 397, 398, 399, 400, 401, 402, 403, 404, 405, 406, 407, 408, 409, 410, 411, 412, 413, 414, 415, 416, 417, 418, 419, 420, 421, 422, 423, 424, 425, 426, 427, 428, 429, 430, 431, 432, 433, 434, 435, 436, 437, 438, 439, 440, 441, 442, 443, 444, 445, 446, 447, 448, 449, 450, 451, 452, 453, 454, 455, 456, 457, 458, 459, 460, 461, 462, 463, 464, 465, 466, 467, 468, 469, 470, 471, 472, 473, 474, 475, 476, 477, 478, 479, 480, 481, 482, 483, 484, 485, 486, 487, 488, 489, 490, 491, 492, 493, 494, 495, 496, 497, 498, 499, 500, 501, 502, 503, 504, 505, 506, 507, 508, 509, 510, 511, 512, 513, 514, 515, 516, 517, 518, 519, 520, 521, 522, 523, 524, 525, 526, 527, 528, 529, 530, 531, 532, 533, 534, 535, 536, 537, 538, 539, 540, 541, 542, 543, 544, 545, 546, 547, 548, 549, 550, 551, 552, 553, 554, 555, 556, 557, 558, 559, 560, 561, 562, 563, 564, 565, 566, 567, 568, 569, 570, 571, 572, 573, 574, 575, 576, 577, 578, 579, 580, 581, 582, 583, 584, 585, 586, 587, 588, 589, 590, 591, 592, 593, 594, 595, 596, 597, 598, 599, 600, 601, 602, 603, 604, 605, 606, 607, 608, 609, 610, 611, 612, 613, 614, 615, 616, 617, 618, 619, 620, 621, 622, 623, 624, 625, 626, 627, 628, 629, 630, 631, 632, 633, 634, 635, 636, 637, 638, 639, 640, 641, 642, 643, 644, 645, 646, 647, 648, 649, 650, 651, 652, 653, 654, 655, 656, 657, 658, 659, 660, 661, 662, 663, 664, 665, 666, 667, 668, 669, 670, 671, 672, 673, 674, 675, 676, 677, 678, 679, 680, 681, 682, 683, 684, 685, 686, 687, 688, 689, 690, 691, 692, 693, 694, 695, 696, 697, 698, 699, 700, 701, 702, 703, 704, 705, 706, 707, 708, 709, 710, 711, 712, 713, 714, 715, 716, 717, 718, 719, 720, 721, 722, 723, 724, 725, 726, 727, 728, 729, 730, 731, 732, 733, 734, 735, 736, 737, 738, 739, 740, 741, 742, 743, 744, 745, 746, 747, 748, 749, 750, 751, 752, 753, 754, 755, 756, 757, 758, 759, 760, 761, 762, 763, 764, 765, 766, 767, 768, 769, 770, 771, 772, 773, 774, 775, 776, 777, 778, 779, 780, 781, 782, 783, 784, 785, 786, 787, 788, 789, 790, 791, 792, 793, 794, 795, 796, 797, 798, 799, 800, 801, 802, 803, 804, 805, 806, 807, 808, 809, 810, 811, 812, 813, 814, 815, 816, 817, 818, 819, 820, 821, 822, 823, 824, 825, 826, 827, 828, 829, 830, 831, 832, 833, 834, 835, 836, 837, 838, 839, 840, 841, 842, 843, 844, 845, 846, 847, 848, 849, 850, 851, 852, 853, 854, 855, 856, 857, 858, 859, 860, 861, 862, 863, 864, 865, 866, 867, 868, 869, 870, 871, 872, 873, 874, 875, 876, 877, 878, 879, 880, 881, 882, 883, 884, 885, 886, 887, 888, 889, 890, 891, 892, 893, 894, 895, 896, 897, 898, 899, 900, 901, 902, 903, 904, 905, 906, 907, 908, 909, 910, 911, 912, 913, 914, 915, 916, 917, 918, 919, 920, 921, 922, 923, 924, 925, 926, 927, 928, 929, 930, 931, 932, 933, 934, 935, 936, 937, 938, 939, 940, 941, 942, 943, 944, 945, 946, 947, 948, 949, 950, 951, 952, 953, 954, 955, 956, 957, 958, 959, 960, 961, 962, 963, 964, 965, 966, 967, 968, 969, 970, 971, 972, 973, 974, 975, 976, 977, 978, 979, 980, 981, 982, 983, 984, 985, 986, 987, 988, 989, 990, 991, 992, 993, 994, 995, 996, 997, 998, 999, 1000, 1001, 1002, 1003, 1004, 1005, 1006, 1007, 1008, 1009, 1010, 1011, 1012, 1013, 1014, 1015, 1016, 1017, 1018, 1019, 1020, 1021, 1022, 1023, 1024, 1025, 1026, 1027, 1028, 1029, 1030, 1031, 1032, 1033, 1034, 1035, 1036, 1037, 1038, 1039, 1040, 1041, 1042, 1043, 1044, 1045, 1046, 1047, 1048, 1049, 1050, 1051, 1052, 1053, 1054, 1055, 1056, 1057, 1058, 1059, 1060, 1061, 1062, 1063, 1064, 1065, 1066, 1067, 1068, 1069, 1070, 1071, 1072, 1073, 1074, 1075, 1076, 1077, 1078, 1079, 1080, 1081, 1082, 1083, 1084, 1085, 1086, 1087, 1088, 1089, 1090, 1091, 1092, 1093, 1094, 1095, 1096, 1097, 1098, 1099, 1100, 1101, 1102, 1103, 1104, 1105, 1106, 1107, 1108, 1109, 1110, 1111, 1112, 1113, 1114, 1115, 1116, 1117, 1118, 1119, 1120, 1121, 1122, 1123, 1124, 1125, 1126, 1127, 1128, 1129, 1130, 1131, 1132, 1133, 1134, 1135, 1136, 1137, 1138, 1139, 1140, 1141, 1142, 1143, 1144, 1145, 1146, 1147, 1148, 1149, 1150, 1151, 1152, 1153, 1154, 1155, 1156, 1157, 1158, 1159, 1160, 1161, 1162, 1163, 1164, 1165, 1166, 1167, 1168, 1169, 1170, 1171, 1172, 1173, 1174, 1175, 1176, 1177, 1178, 1179, 1180, 1181, 1182, 1183, 1184, 1185, 1186, 1187, 1188, 1189, 1190, 1191, 1192, 1193, 1194, 1195, 1196, 1197, 1198, 1199, 1200, 1201, 1202, 1203, 1204, 1205, 1206, 1207, 1208, 1209, 1210, 1211, 1212, 1213, 1214, 1215, 1216, 1217, 1218, 1219, 1220, 1221, 1222, 1223, 1224, 1225, 1226, 1227, 1228, 1229, 1230, 1231, 1232, 1233, 1234, 1235, 1236, 1237, 1238, 1239, 1240, 1241, 1242, 1243, 1244, 1245, 1246, 1247, 1248, 1249, 1250, 1251, 1252, 1253, 1254, 1255, 1256, 1257, 1258, 1259, 1260, 1261, 1262, 1263, 1264, 1265, 1266, 1267, 1268, 1269, 1270, 1271, 1272, 1273, 1274, 1275, 1276, 1277, 1278, 1279, 1280, 1281, 1282, 1283, 1284, 1285, 1286, 1287, 1288, 1289, 1290, 1291, 1292, 1293, 1294, 1295, 1296, 1297, 1298, 1299, 1300, 1301, 1302, 1303, 1304, 1305, 1306, 1307, 1308, 1309, 1310, 1311, 1312, 1313, 1314, 1315, 1316, 1317, 1318, 1319, 1320, 1321, 1322, 1323, 1324, 1325, 1326, 1327, 1328, 1329, 1330, 1331, 1332, 1333, 1334, 1335, 1336, 1337, 1338, 1339, 1340, 1341, 1342, 1343, 1344, 1345, 1346, 1347, 1348, 1349, 1350, 1351, 1352, 1353, 1354, 1355, 1356, 1357, 1358, 1359, 1360, 1361, 1362, 1363, 1364, 1365, 1366, 1367, 1368, 1369, 1370, 1371, 1372, 1373, 1374, 1375, 1376, 1377, 1378, 1379, 1380, 1381, 1382, 1383, 1384, 1385, 1386, 1387, 1388, 1389, 1390, 1391, 1392, 1393, 1394, 1395, 1396, 1397, 1398, 1399, 1400, 1401, 1402, 1403, 1404, 1405, 1406, 1407, 1408, 1409, 1410, 1411, 1412, 1413, 1414, 1415, 1416, 1417, 1418, 1419, 1420, 1421, 1422, 1423, 1424, 1425, 1426, 1427, 1428, 1429, 1430, 1431, 1432, 1433, 1434, 1435, 1436, 1437, 1438, 1439, 1440, 1441, 1442, 1443, 1444, 1445, 1446, 1447, 1448, 1449, 1450, 1451, 1452, 1453, 1454, 1455, 1456, 1457, 1458, 1459, 1460, 1461, 1462, 1463, 1464, 1465, 1466, 1467, 1468, 1469, 1470, 1471, 1472, 1473, 1474, 1475, 1476, 1477, 1478, 1479, 1480, 1481, 1482, 1483, 1484, 1485, 1486, 1487, 1488, 1489, 1490, 1491, 1492, 1493, 1494, 1495, 1496, 1497, 1498, 1499, 1500, 1501, 1502, 1503, 1504, 1505, 1506, 1507, 1508, 1509, 1510, 1511, 1512, 1513, 1514, 1515, 1516, 1517, 1518, 1519, 1520, 1521, 1522, 1523, 1524, 1525, 1526, 1527, 1528, 1529, 1530, 1531, 1532, 1533, 1534, 1535, 1536, 1537, 1538, 1539, 1540, 1541, 1542, 1543, 1544, 1545, 1546, 1547, 1548, 1549, 1550, 1551, 1552, 1553, 1554, 1555, 1556, 1557, 1558, 1559, 1560, 1561, 1562, 1563, 1564, 1565, 1566, 1567, 1568, 1569, 1570, 1571, 1572, 1573, 1574, 1575, 1576, 1577, 1578, 1579, 1580, 1581, 1582, 1583, 1584, 1585, 1586, 1587, 1588, 1589, 1590, 1591, 1592, 1593, 1594, 1595, 1596, 1597, 1598, 1599, 1600, 1601, 1602, 1603, 1604, 1605, 1606, 1607, 1608, 1609, 1610, 1611, 1612, 1613, 1614, 1615, 1616, 1617, 1618, 1619, 1620, 1621, 1622, 1623, 1624, 1625, 1626, 1627, 1628, 1629, 1630, 1631, 1632, 1633, 1634, 1635, 1636, 1637, 1638, 1639, 1640, 1641, 1642, 1643, 1644, 1645, 1646, 1647, 1648, 1649, 1650, 1651, 1652, 1653, 1654, 1655, 1656, 1657, 1658, 1659, 1660, 1661, 1662, 1663, 1664, 1665, 1666, 1667, 1668, 1669, 1670, 1671, 1672, 1673, 1674, 1675, 1676, 1677, 1678, 1679, 1680, 1681, 1682, 1683, 1684, 1685, 1686, 1687, 1688, 1689, 1690, 1691, 1692, 1693, 1694, 1695, 1696, 1697, 1698, 1699, 1700, 1701, 1702, 1703, 1704, 1705, 1706, 1707, 1708, 1709, 1710, 1711, 1712, 1713, 1714, 1715, 1716, 1717, 1718, 1719, 1720, 1721, 1722, 1723, 1724, 1725, 1726, 1727, 1728, 1729, 1730, 1731, 1732, 1733, 1734, 1735, 1736, 1737, 1738, 1739, 1740, 1741, 1742, 1743, 1744, 1745, 1746, 1747, 1748, 1749, 1750, 1751, 1752, 1753, 1754, 1755, 1756, 1757, 1758, 1759, 1760, 1761, 1762, 1763, 1764, 1765, 1766, 1767, 1768, 1769, 1770, 1771, 1772, 1773, 1774, 1775, 1776, 1777, 1778, 1779, 1780, 1781, 1782, 1783, 1784, 1785, 1786, 1787, 1788, 1789, 1790, 1791, 1792, 1793, 1794, 1795, 1796, 1797, 1798, 1799, 1800, 1801, 1802, 1803, 1804, 1805, 1806, 1807, 1808, 1809, 1810, 1811, 1812, 1813, 1814, 1815, 1816, 1817, 1818, 1819, 1820, 1821, 1822, 1823, 1824, 1825, 1826, 1827, 1828, 1829, 1830, 1831, 1832, 1833, 1834, 1835, 1836, 1837, 1838, 1839, 1840, 1841, 1842, 1843, 1844, 1845, 1846, 1847, 1848, 1849, 1850, 1851, 1852, 1853, 1854, 1855, 1856, 1857, 1858, 1859, 1860, 1861, 1862, 1863, 1864, 1865, 1866, 1867, 1868, 1869, 1870, 1871, 1872, 1873, 1874, 1875, 1876, 1877, 1878, 1879, 1880, 1881, 1882, 1883, 1884, 1885, 1886, 1887, 1888, 1889, 1890, 1891, 1892, 1893, 1894, 1895, 1896, 1897, 1898, 1899, 1900, 1901, 1902, 1903, 1904, 1905, 1906, 1907, 1908, 1909, 1910, 1911, 1912, 1913, 1914, 1915, 1916, 1917, 1918, 1919, 1920, 1921, 1922, 1923, 1924, 1925, 1926, 1927, 1928, 1929, 1930, 1931, 1932, 1933, 1934, 1935, 1936, 1937, 1938, 1939, 1940, 1941, 1942, 1943, 1944, 1945, 1946, 1947, 1948, 1949, 1950, 1951, 1952, 1953, 1954, 1955, 1956, 1957, 1958, 1959, 1960, 1961, 1962, 1963, 1964, 1965, 1966, 1967, 1968, 1969, 1970, 1971, 1972, 1973, 1974, 1975, 1976, 1977, 1978, 1979, 1980, 1981, 1982, 1983]
        rel material:binding = </World/Material_003>
        normal3f[] normals = [(-0, 0.1939, -0.981), (-0, 0.3805, -0.9248), (0.1804, 0.3805, -0.907), (0.1914, 0.1939, -0.9622), (-0, -0.9796, -0.201), (-0, -0.9217, -0.3879), (0.0757, -0.9217, -0.3804), (0.0392, -0.9796, -0.1971), (-0, -0, -1), (-0, 0.1939, -0.981), (0.1914, 0.1939, -0.9622), (0.1951, -0, -0.9808), (-0, 0.9796, -0.201), (-0, 1, -0), (0.0392, 0.9796, -0.1971), (-0, -1, -0), (-0, -0.9796, -0.201), (0.0392, -0.9796, -0.1971), (-0, -0.1939, -0.981), (-0, -0, -1), (0.1951, -0, -0.9808), (0.1914, -0.1939, -0.9622), (-0, 0.9217, -0.3879), (-0, 0.9796, -0.201), (0.0392, 0.9796, -0.1971), (0.0757, 0.9217, -0.3804), (-0, -0.3805, -0.9248), (-0, -0.1939, -0.981), (0.1914, -0.1939, -0.9622), (0.1804, -0.3805, -0.907), (-0, 0.8286, -0.5598), (-0, 0.9217, -0.3879), (0.0757, 0.9217, -0.3804), (0.1092, 0.8286, -0.549), (-0, -0.5528, -0.8333), (-0, -0.3805, -0.9248), (0.1804, -0.3805, -0.907), (0.1626, -0.5528, -0.8173), (-0, 0.7041, -0.7101), (-0, 0.8286, -0.5598), (0.1092, 0.8286, -0.549), (0.1385, 0.7041, -0.6965), (-0, -0.7041, -0.7101), (-0, -0.5528, -0.8333), (0.1626, -0.5528, -0.8173), (0.1385, -0.7041, -0.6965), (-0, 0.5528, -0.8333), (-0, 0.7041, -0.7101), (0.1385, 0.7041, -0.6965), (0.1626, 0.5528, -0.8173), (-0, -0.8286, -0.5598), (-0, -0.7041, -0.7101), (0.1385, -0.7041, -0.6965), (0.1092, -0.8286, -0.549), (-0, 0.3805, -0.9248), (-0, 0.5528, -0.8333), (0.1626, 0.5528, -0.8173), (0.1804, 0.3805, -0.907), (-0, -0.9217, -0.3879), (-0, -0.8286, -0.5598), (0.1092, -0.8286, -0.549), (0.0757, -0.9217, -0.3804), (0.1092, -0.8286, -0.549), (0.1385, -0.7041, -0.6965), (0.2718, -0.7041, -0.6561), (0.2142, -0.8286, -0.5172), (0.1804, 0.3805, -0.907), (0.1626, 0.5528, -0.8173), (0.3189, 0.5528, -0.7699), (0.3539, 0.3805, -0.8544), (0.0757, -0.9217, -0.3804), (0.1092, -0.8286, -0.549), (0.2142, -0.8286, -0.5172), (0.1484, -0.9217, -0.3584), (0.1914, 0.1939, -0.9622), (0.1804, 0.3805, -0.907), (0.3539, 0.3805, -0.8544), (0.3754, 0.1939, -0.9063), (0.0392, -0.9796, -0.1971), (0.0757, -0.9217, -0.3804), (0.1484, -0.9217, -0.3584), (0.0769, -0.9796, -0.1857), (0.1951, -0, -0.9808), (0.1914, 0.1939, -0.9622), (0.3754, 0.1939, -0.9063), (0.3827, -0, -0.9239), (0.0392, 0.9796, -0.1971), (-0, 1, -0), (0.0769, 0.9796, -0.1857), (-0, -1, -0), (0.0392, -0.9796, -0.1971), (0.0769, -0.9796, -0.1857), (0.1914, -0.1939, -0.9622), (0.1951, -0, -0.9808), (0.3827, -0, -0.9239), (0.3754, -0.1939, -0.9063), (0.0757, 0.9217, -0.3804), (0.0392, 0.9796, -0.1971), (0.0769, 0.9796, -0.1857), (0.1484, 0.9217, -0.3584), (0.1804, -0.3805, -0.907), (0.1914, -0.1939, -0.9622), (0.3754, -0.1939, -0.9063), (0.3539, -0.3805, -0.8544), (0.1092, 0.8286, -0.549), (0.0757, 0.9217, -0.3804), (0.1484, 0.9217, -0.3584), (0.2142, 0.8286, -0.5172), (0.1626, -0.5528, -0.8173), (0.1804, -0.3805, -0.907), (0.3539, -0.3805, -0.8544), (0.3189, -0.5528, -0.7699), (0.1385, 0.7041, -0.6965), (0.1092, 0.8286, -0.549), (0.2142, 0.8286, -0.5172), (0.2718, 0.7041, -0.6561), (0.1385, -0.7041, -0.6965), (0.1626, -0.5528, -0.8173), (0.3189, -0.5528, -0.7699), (0.2718, -0.7041, -0.6561), (0.1626, 0.5528, -0.8173), (0.1385, 0.7041, -0.6965), (0.2718, 0.7041, -0.6561), (0.3189, 0.5528, -0.7699), (0.3539, -0.3805, -0.8544), (0.3754, -0.1939, -0.9063), (0.545, -0.1939, -0.8157), (0.5138, -0.3805, -0.7689), (0.2142, 0.8286, -0.5172), (0.1484, 0.9217, -0.3584), (0.2155, 0.9217, -0.3225), (0.311, 0.8286, -0.4654), (0.3189, -0.5528, -0.7699), (0.3539, -0.3805, -0.8544), (0.5138, -0.3805, -0.7689), (0.463, -0.5528, -0.6929), (0.2718, 0.7041, -0.6561), (0.2142, 0.8286, -0.5172), (0.311, 0.8286, -0.4654), (0.3945, 0.7041, -0.5905), (0.2718, -0.7041, -0.6561), (0.3189, -0.5528, -0.7699), (0.463, -0.5528, -0.6929), (0.3945, -0.7041, -0.5905), (0.3189, 0.5528, -0.7699), (0.2718, 0.7041, -0.6561), (0.3945, 0.7041, -0.5905), (0.463, 0.5528, -0.6929), (0.2142, -0.8286, -0.5172), (0.2718, -0.7041, -0.6561), (0.3945, -0.7041, -0.5905), (0.311, -0.8286, -0.4654), (0.3539, 0.3805, -0.8544), (0.3189, 0.5528, -0.7699), (0.463, 0.5528, -0.6929), (0.5138, 0.3805, -0.7689), (0.1484, -0.9217, -0.3584), (0.2142, -0.8286, -0.5172), (0.311, -0.8286, -0.4654), (0.2155, -0.9217, -0.3225), (0.3754, 0.1939, -0.9063), (0.3539, 0.3805, -0.8544), (0.5138, 0.3805, -0.7689), (0.545, 0.1939, -0.8157), (0.0769, -0.9796, -0.1857), (0.1484, -0.9217, -0.3584), (0.2155, -0.9217, -0.3225), (0.1117, -0.9796, -0.1671), (0.3827, -0, -0.9239), (0.3754, 0.1939, -0.9063), (0.545, 0.1939, -0.8157), (0.5556, -0, -0.8315), (0.0769, 0.9796, -0.1857), (-0, 1, -0), (0.1117, 0.9796, -0.1671), (-0, -1, -0), (0.0769, -0.9796, -0.1857), (0.1117, -0.9796, -0.1671), (0.3754, -0.1939, -0.9063), (0.3827, -0, -0.9239), (0.5556, -0, -0.8315), (0.545, -0.1939, -0.8157), (0.1484, 0.9217, -0.3584), (0.0769, 0.9796, -0.1857), (0.1117, 0.9796, -0.1671), (0.2155, 0.9217, -0.3225), (0.2155, -0.9217, -0.3225), (0.311, -0.8286, -0.4654), (0.3958, -0.8286, -0.3958), (0.2743, -0.9217, -0.2743), (0.545, 0.1939, -0.8157), (0.5138, 0.3805, -0.7689), (0.6539, 0.3805, -0.6539), (0.6937, 0.1939, -0.6937), (0.1117, -0.9796, -0.1671), (0.2155, -0.9217, -0.3225), (0.2743, -0.9217, -0.2743), (0.1421, -0.9796, -0.1421), (0.5556, -0, -0.8315), (0.545, 0.1939, -0.8157), (0.6937, 0.1939, -0.6937), (0.7071, -0, -0.7071), (0.1117, 0.9796, -0.1671), (-0, 1, -0), (0.1421, 0.9796, -0.1421), (-0, -1, -0), (0.1117, -0.9796, -0.1671), (0.1421, -0.9796, -0.1421), (0.545, -0.1939, -0.8157), (0.5556, -0, -0.8315), (0.7071, -0, -0.7071), (0.6937, -0.1939, -0.6937), (0.2155, 0.9217, -0.3225), (0.1117, 0.9796, -0.1671), (0.1421, 0.9796, -0.1421), (0.2743, 0.9217, -0.2743), (0.5138, -0.3805, -0.7689), (0.545, -0.1939, -0.8157), (0.6937, -0.1939, -0.6937), (0.6539, -0.3805, -0.6539), (0.311, 0.8286, -0.4654), (0.2155, 0.9217, -0.3225), (0.2743, 0.9217, -0.2743), (0.3958, 0.8286, -0.3958), (0.463, -0.5528, -0.6929), (0.5138, -0.3805, -0.7689), (0.6539, -0.3805, -0.6539), (0.5893, -0.5528, -0.5893), (0.3945, 0.7041, -0.5905), (0.311, 0.8286, -0.4654), (0.3958, 0.8286, -0.3958), (0.5021, 0.7041, -0.5021), (0.3945, -0.7041, -0.5905), (0.463, -0.5528, -0.6929), (0.5893, -0.5528, -0.5893), (0.5021, -0.7041, -0.5021), (0.463, 0.5528, -0.6929), (0.3945, 0.7041, -0.5905), (0.5021, 0.7041, -0.5021), (0.5893, 0.5528, -0.5893), (0.311, -0.8286, -0.4654), (0.3945, -0.7041, -0.5905), (0.5021, -0.7041, -0.5021), (0.3958, -0.8286, -0.3958), (0.5138, 0.3805, -0.7689), (0.463, 0.5528, -0.6929), (0.5893, 0.5528, -0.5893), (0.6539, 0.3805, -0.6539), (0.3958, 0.8286, -0.3958), (0.2743, 0.9217, -0.2743), (0.3225, 0.9217, -0.2155), (0.4654, 0.8286, -0.311), (0.5893, -0.5528, -0.5893), (0.6539, -0.3805, -0.6539), (0.7689, -0.3805, -0.5138), (0.6929, -0.5528, -0.463), (0.5021, 0.7041, -0.5021), (0.3958, 0.8286, -0.3958), (0.4654, 0.8286, -0.311), (0.5905, 0.7041, -0.3945), (0.5021, -0.7041, -0.5021), (0.5893, -0.5528, -0.5893), (0.6929, -0.5528, -0.463), (0.5905, -0.7041, -0.3945), (0.5893, 0.5528, -0.5893), (0.5021, 0.7041, -0.5021), (0.5905, 0.7041, -0.3945), (0.6929, 0.5528, -0.463), (0.3958, -0.8286, -0.3958), (0.5021, -0.7041, -0.5021), (0.5905, -0.7041, -0.3945), (0.4654, -0.8286, -0.311), (0.6539, 0.3805, -0.6539), (0.5893, 0.5528, -0.5893), (0.6929, 0.5528, -0.463), (0.7689, 0.3805, -0.5138), (0.2743, -0.9217, -0.2743), (0.3958, -0.8286, -0.3958), (0.4654, -0.8286, -0.311), (0.3225, -0.9217, -0.2155), (0.6937, 0.1939, -0.6937), (0.6539, 0.3805, -0.6539), (0.7689, 0.3805, -0.5138), (0.8157, 0.1939, -0.545), (0.1421, -0.9796, -0.1421), (0.2743, -0.9217, -0.2743), (0.3225, -0.9217, -0.2155), (0.1671, -0.9796, -0.1117), (0.7071, -0, -0.7071), (0.6937, 0.1939, -0.6937), (0.8157, 0.1939, -0.545), (0.8315, -0, -0.5556), (0.1421, 0.9796, -0.1421), (-0, 1, -0), (0.1671, 0.9796, -0.1117), (-0, -1, -0), (0.1421, -0.9796, -0.1421), (0.1671, -0.9796, -0.1117), (0.6937, -0.1939, -0.6937), (0.7071, -0, -0.7071), (0.8315, -0, -0.5556), (0.8157, -0.1939, -0.545), (0.2743, 0.9217, -0.2743), (0.1421, 0.9796, -0.1421), (0.1671, 0.9796, -0.1117), (0.3225, 0.9217, -0.2155), (0.6539, -0.3805, -0.6539), (0.6937, -0.1939, -0.6937), (0.8157, -0.1939, -0.545), (0.7689, -0.3805, -0.5138), (0.8157, 0.1939, -0.545), (0.7689, 0.3805, -0.5138), (0.8544, 0.3805, -0.3539), (0.9063, 0.1939, -0.3754), (0.1671, -0.9796, -0.1117), (0.3225, -0.9217, -0.2155), (0.3584, -0.9217, -0.1484), (0.1857, -0.9796, -0.0769), (0.8315, -0, -0.5556), (0.8157, 0.1939, -0.545), (0.9063, 0.1939, -0.3754), (0.9239, -0, -0.3827), (0.1671, 0.9796, -0.1117), (-0, 1, -0), (0.1857, 0.9796, -0.0769), (-0, -1, -0), (0.1671, -0.9796, -0.1117), (0.1857, -0.9796, -0.0769), (0.8157, -0.1939, -0.545), (0.8315, -0, -0.5556), (0.9239, -0, -0.3827), (0.9063, -0.1939, -0.3754), (0.3225, 0.9217, -0.2155), (0.1671, 0.9796, -0.1117), (0.1857, 0.9796, -0.0769), (0.3584, 0.9217, -0.1484), (0.7689, -0.3805, -0.5138), (0.8157, -0.1939, -0.545), (0.9063, -0.1939, -0.3754), (0.8544, -0.3805, -0.3539), (0.4654, 0.8286, -0.311), (0.3225, 0.9217, -0.2155), (0.3584, 0.9217, -0.1484), (0.5172, 0.8286, -0.2142), (0.6929, -0.5528, -0.463), (0.7689, -0.3805, -0.5138), (0.8544, -0.3805, -0.3539), (0.7699, -0.5528, -0.3189), (0.5905, 0.7041, -0.3945), (0.4654, 0.8286, -0.311), (0.5172, 0.8286, -0.2142), (0.6561, 0.7041, -0.2718), (0.5905, -0.7041, -0.3945), (0.6929, -0.5528, -0.463), (0.7699, -0.5528, -0.3189), (0.6561, -0.7041, -0.2718), (0.6929, 0.5528, -0.463), (0.5905, 0.7041, -0.3945), (0.6561, 0.7041, -0.2718), (0.7699, 0.5528, -0.3189), (0.4654, -0.8286, -0.311), (0.5905, -0.7041, -0.3945), (0.6561, -0.7041, -0.2718), (0.5172, -0.8286, -0.2142), (0.7689, 0.3805, -0.5138), (0.6929, 0.5528, -0.463), (0.7699, 0.5528, -0.3189), (0.8544, 0.3805, -0.3539), (0.3225, -0.9217, -0.2155), (0.4654, -0.8286, -0.311), (0.5172, -0.8286, -0.2142), (0.3584, -0.9217, -0.1484), (0.7699, -0.5528, -0.3189), (0.8544, -0.3805, -0.3539), (0.907, -0.3805, -0.1804), (0.8173, -0.5528, -0.1626), (0.6561, 0.7041, -0.2718), (0.5172, 0.8286, -0.2142), (0.549, 0.8286, -0.1092), (0.6965, 0.7041, -0.1385), (0.6561, -0.7041, -0.2718), (0.7699, -0.5528, -0.3189), (0.8173, -0.5528, -0.1626), (0.6965, -0.7041, -0.1385), (0.7699, 0.5528, -0.3189), (0.6561, 0.7041, -0.2718), (0.6965, 0.7041, -0.1385), (0.8173, 0.5528, -0.1626), (0.5172, -0.8286, -0.2142), (0.6561, -0.7041, -0.2718), (0.6965, -0.7041, -0.1385), (0.549, -0.8286, -0.1092), (0.8544, 0.3805, -0.3539), (0.7699, 0.5528, -0.3189), (0.8173, 0.5528, -0.1626), (0.907, 0.3805, -0.1804), (0.3584, -0.9217, -0.1484), (0.5172, -0.8286, -0.2142), (0.549, -0.8286, -0.1092), (0.3804, -0.9217, -0.0757), (0.9063, 0.1939, -0.3754), (0.8544, 0.3805, -0.3539), (0.907, 0.3805, -0.1804), (0.9622, 0.1939, -0.1914), (0.1857, -0.9796, -0.0769), (0.3584, -0.9217, -0.1484), (0.3804, -0.9217, -0.0757), (0.1971, -0.9796, -0.0392), (0.9239, -0, -0.3827), (0.9063, 0.1939, -0.3754), (0.9622, 0.1939, -0.1914), (0.9808, -0, -0.1951), (0.1857, 0.9796, -0.0769), (-0, 1, -0), (0.1971, 0.9796, -0.0392), (-0, -1, -0), (0.1857, -0.9796, -0.0769), (0.1971, -0.9796, -0.0392), (0.9063, -0.1939, -0.3754), (0.9239, -0, -0.3827), (0.9808, -0, -0.1951), (0.9622, -0.1939, -0.1914), (0.3584, 0.9217, -0.1484), (0.1857, 0.9796, -0.0769), (0.1971, 0.9796, -0.0392), (0.3804, 0.9217, -0.0757), (0.8544, -0.3805, -0.3539), (0.9063, -0.1939, -0.3754), (0.9622, -0.1939, -0.1914), (0.907, -0.3805, -0.1804), (0.5172, 0.8286, -0.2142), (0.3584, 0.9217, -0.1484), (0.3804, 0.9217, -0.0757), (0.549, 0.8286, -0.1092), (0.1971, -0.9796, -0.0392), (0.3804, -0.9217, -0.0757), (0.3879, -0.9217, -0), (0.201, -0.9796, -0), (0.9808, -0, -0.1951), (0.9622, 0.1939, -0.1914), (0.981, 0.1939, -0), (1, -0, -0), (0.1971, 0.9796, -0.0392), (-0, 1, -0), (0.201, 0.9796, -0), (-0, -1, -0), (0.1971, -0.9796, -0.0392), (0.201, -0.9796, -0), (0.9622, -0.1939, -0.1914), (0.9808, -0, -0.1951), (1, -0, -0), (0.981, -0.1939, -0), (0.3804, 0.9217, -0.0757), (0.1971, 0.9796, -0.0392), (0.201, 0.9796, -0), (0.3879, 0.9217, -0), (0.907, -0.3805, -0.1804), (0.9622, -0.1939, -0.1914), (0.981, -0.1939, -0), (0.9248, -0.3805, -0), (0.549, 0.8286, -0.1092), (0.3804, 0.9217, -0.0757), (0.3879, 0.9217, -0), (0.5598, 0.8286, -0), (0.8173, -0.5528, -0.1626), (0.907, -0.3805, -0.1804), (0.9248, -0.3805, -0), (0.8333, -0.5528, -0), (0.6965, 0.7041, -0.1385), (0.549, 0.8286, -0.1092), (0.5598, 0.8286, -0), (0.7101, 0.7041, -0), (0.6965, -0.7041, -0.1385), (0.8173, -0.5528, -0.1626), (0.8333, -0.5528, -0), (0.7101, -0.7041, -0), (0.8173, 0.5528, -0.1626), (0.6965, 0.7041, -0.1385), (0.7101, 0.7041, -0), (0.8333, 0.5528, -0), (0.549, -0.8286, -0.1092), (0.6965, -0.7041, -0.1385), (0.7101, -0.7041, -0), (0.5598, -0.8286, -0), (0.907, 0.3805, -0.1804), (0.8173, 0.5528, -0.1626), (0.8333, 0.5528, -0), (0.9248, 0.3805, -0), (0.3804, -0.9217, -0.0757), (0.549, -0.8286, -0.1092), (0.5598, -0.8286, -0), (0.3879, -0.9217, -0), (0.9622, 0.1939, -0.1914), (0.907, 0.3805, -0.1804), (0.9248, 0.3805, -0), (0.981, 0.1939, -0), (0.7101, 0.7041, -0), (0.5598, 0.8286, -0), (0.549, 0.8286, 0.1092), (0.6965, 0.7041, 0.1385), (0.7101, -0.7041, -0), (0.8333, -0.5528, -0), (0.8173, -0.5528, 0.1626), (0.6965, -0.7041, 0.1385), (0.8333, 0.5528, -0), (0.7101, 0.7041, -0), (0.6965, 0.7041, 0.1385), (0.8173, 0.5528, 0.1626), (0.5598, -0.8286, -0), (0.7101, -0.7041, -0), (0.6965, -0.7041, 0.1385), (0.549, -0.8286, 0.1092), (0.9248, 0.3805, -0), (0.8333, 0.5528, -0), (0.8173, 0.5528, 0.1626), (0.907, 0.3805, 0.1804), (0.3879, -0.9217, -0), (0.5598, -0.8286, -0), (0.549, -0.8286, 0.1092), (0.3804, -0.9217, 0.0757), (0.981, 0.1939, -0), (0.9248, 0.3805, -0), (0.907, 0.3805, 0.1804), (0.9622, 0.1939, 0.1914), (0.201, -0.9796, -0), (0.3879, -0.9217, -0), (0.3804, -0.9217, 0.0757), (0.1971, -0.9796, 0.0392), (1, -0, -0), (0.981, 0.1939, -0), (0.9622, 0.1939, 0.1914), (0.9808, -0, 0.1951), (0.201, 0.9796, -0), (-0, 1, -0), (0.1971, 0.9796, 0.0392), (-0, -1, -0), (0.201, -0.9796, -0), (0.1971, -0.9796, 0.0392), (0.981, -0.1939, -0), (1, -0, -0), (0.9808, -0, 0.1951), (0.9622, -0.1939, 0.1914), (0.3879, 0.9217, -0), (0.201, 0.9796, -0), (0.1971, 0.9796, 0.0392), (0.3804, 0.9217, 0.0757), (0.9248, -0.3805, -0), (0.981, -0.1939, -0), (0.9622, -0.1939, 0.1914), (0.907, -0.3805, 0.1804), (0.5598, 0.8286, -0), (0.3879, 0.9217, -0), (0.3804, 0.9217, 0.0757), (0.549, 0.8286, 0.1092), (0.8333, -0.5528, -0), (0.9248, -0.3805, -0), (0.907, -0.3805, 0.1804), (0.8173, -0.5528, 0.1626), (0.9808, -0, 0.1951), (0.9622, 0.1939, 0.1914), (0.9063, 0.1939, 0.3754), (0.9239, -0, 0.3827), (0.1971, 0.9796, 0.0392), (-0, 1, -0), (0.1857, 0.9796, 0.0769), (-0, -1, -0), (0.1971, -0.9796, 0.0392), (0.1857, -0.9796, 0.0769), (0.9622, -0.1939, 0.1914), (0.9808, -0, 0.1951), (0.9239, -0, 0.3827), (0.9063, -0.1939, 0.3754), (0.3804, 0.9217, 0.0757), (0.1971, 0.9796, 0.0392), (0.1857, 0.9796, 0.0769), (0.3584, 0.9217, 0.1484), (0.907, -0.3805, 0.1804), (0.9622, -0.1939, 0.1914), (0.9063, -0.1939, 0.3754), (0.8544, -0.3805, 0.3539), (0.549, 0.8286, 0.1092), (0.3804, 0.9217, 0.0757), (0.3584, 0.9217, 0.1484), (0.5172, 0.8286, 0.2142), (0.8173, -0.5528, 0.1626), (0.907, -0.3805, 0.1804), (0.8544, -0.3805, 0.3539), (0.7699, -0.5528, 0.3189), (0.6965, 0.7041, 0.1385), (0.549, 0.8286, 0.1092), (0.5172, 0.8286, 0.2142), (0.6561, 0.7041, 0.2718), (0.6965, -0.7041, 0.1385), (0.8173, -0.5528, 0.1626), (0.7699, -0.5528, 0.3189), (0.6561, -0.7041, 0.2718), (0.8173, 0.5528, 0.1626), (0.6965, 0.7041, 0.1385), (0.6561, 0.7041, 0.2718), (0.7699, 0.5528, 0.3189), (0.549, -0.8286, 0.1092), (0.6965, -0.7041, 0.1385), (0.6561, -0.7041, 0.2718), (0.5172, -0.8286, 0.2142), (0.907, 0.3805, 0.1804), (0.8173, 0.5528, 0.1626), (0.7699, 0.5528, 0.3189), (0.8544, 0.3805, 0.3539), (0.3804, -0.9217, 0.0757), (0.549, -0.8286, 0.1092), (0.5172, -0.8286, 0.2142), (0.3584, -0.9217, 0.1484), (0.9622, 0.1939, 0.1914), (0.907, 0.3805, 0.1804), (0.8544, 0.3805, 0.3539), (0.9063, 0.1939, 0.3754), (0.1971, -0.9796, 0.0392), (0.3804, -0.9217, 0.0757), (0.3584, -0.9217, 0.1484), (0.1857, -0.9796, 0.0769), (0.6561, -0.7041, 0.2718), (0.7699, -0.5528, 0.3189), (0.6929, -0.5528, 0.463), (0.5905, -0.7041, 0.3945), (0.7699, 0.5528, 0.3189), (0.6561, 0.7041, 0.2718), (0.5905, 0.7041, 0.3945), (0.6929, 0.5528, 0.463), (0.5172, -0.8286, 0.2142), (0.6561, -0.7041, 0.2718), (0.5905, -0.7041, 0.3945), (0.4654, -0.8286, 0.311), (0.8544, 0.3805, 0.3539), (0.7699, 0.5528, 0.3189), (0.6929, 0.5528, 0.463), (0.7689, 0.3805, 0.5138), (0.3584, -0.9217, 0.1484), (0.5172, -0.8286, 0.2142), (0.4654, -0.8286, 0.311), (0.3225, -0.9217, 0.2155), (0.9063, 0.1939, 0.3754), (0.8544, 0.3805, 0.3539), (0.7689, 0.3805, 0.5138), (0.8157, 0.1939, 0.545), (0.1857, -0.9796, 0.0769), (0.3584, -0.9217, 0.1484), (0.3225, -0.9217, 0.2155), (0.1671, -0.9796, 0.1117), (0.9239, -0, 0.3827), (0.9063, 0.1939, 0.3754), (0.8157, 0.1939, 0.545), (0.8315, -0, 0.5556), (0.1857, 0.9796, 0.0769), (-0, 1, -0), (0.1671, 0.9796, 0.1117), (-0, -1, -0), (0.1857, -0.9796, 0.0769), (0.1671, -0.9796, 0.1117), (0.9063, -0.1939, 0.3754), (0.9239, -0, 0.3827), (0.8315, -0, 0.5556), (0.8157, -0.1939, 0.545), (0.3584, 0.9217, 0.1484), (0.1857, 0.9796, 0.0769), (0.1671, 0.9796, 0.1117), (0.3225, 0.9217, 0.2155), (0.8544, -0.3805, 0.3539), (0.9063, -0.1939, 0.3754), (0.8157, -0.1939, 0.545), (0.7689, -0.3805, 0.5138), (0.5172, 0.8286, 0.2142), (0.3584, 0.9217, 0.1484), (0.3225, 0.9217, 0.2155), (0.4654, 0.8286, 0.311), (0.7699, -0.5528, 0.3189), (0.8544, -0.3805, 0.3539), (0.7689, -0.3805, 0.5138), (0.6929, -0.5528, 0.463), (0.6561, 0.7041, 0.2718), (0.5172, 0.8286, 0.2142), (0.4654, 0.8286, 0.311), (0.5905, 0.7041, 0.3945), (-0, -1, -0), (0.1671, -0.9796, 0.1117), (0.1421, -0.9796, 0.1421), (0.8157, -0.1939, 0.545), (0.8315, -0, 0.5556), (0.7071, -0, 0.7071), (0.6937, -0.1939, 0.6937), (0.3225, 0.9217, 0.2155), (0.1671, 0.9796, 0.1117), (0.1421, 0.9796, 0.1421), (0.2743, 0.9217, 0.2743), (0.7689, -0.3805, 0.5138), (0.8157, -0.1939, 0.545), (0.6937, -0.1939, 0.6937), (0.6539, -0.3805, 0.6539), (0.4654, 0.8286, 0.311), (0.3225, 0.9217, 0.2155), (0.2743, 0.9217, 0.2743), (0.3958, 0.8286, 0.3958), (0.6929, -0.5528, 0.463), (0.7689, -0.3805, 0.5138), (0.6539, -0.3805, 0.6539), (0.5893, -0.5528, 0.5893), (0.5905, 0.7041, 0.3945), (0.4654, 0.8286, 0.311), (0.3958, 0.8286, 0.3958), (0.5021, 0.7041, 0.5021), (0.5905, -0.7041, 0.3945), (0.6929, -0.5528, 0.463), (0.5893, -0.5528, 0.5893), (0.5021, -0.7041, 0.5021), (0.6929, 0.5528, 0.463), (0.5905, 0.7041, 0.3945), (0.5021, 0.7041, 0.5021), (0.5893, 0.5528, 0.5893), (0.4654, -0.8286, 0.311), (0.5905, -0.7041, 0.3945), (0.5021, -0.7041, 0.5021), (0.3958, -0.8286, 0.3958), (0.7689, 0.3805, 0.5138), (0.6929, 0.5528, 0.463), (0.5893, 0.5528, 0.5893), (0.6539, 0.3805, 0.6539), (0.3225, -0.9217, 0.2155), (0.4654, -0.8286, 0.311), (0.3958, -0.8286, 0.3958), (0.2743, -0.9217, 0.2743), (0.8157, 0.1939, 0.545), (0.7689, 0.3805, 0.5138), (0.6539, 0.3805, 0.6539), (0.6937, 0.1939, 0.6937), (0.1671, -0.9796, 0.1117), (0.3225, -0.9217, 0.2155), (0.2743, -0.9217, 0.2743), (0.1421, -0.9796, 0.1421), (0.8315, -0, 0.5556), (0.8157, 0.1939, 0.545), (0.6937, 0.1939, 0.6937), (0.7071, -0, 0.7071), (0.1671, 0.9796, 0.1117), (-0, 1, -0), (0.1421, 0.9796, 0.1421), (0.3958, -0.8286, 0.3958), (0.5021, -0.7041, 0.5021), (0.3945, -0.7041, 0.5905), (0.311, -0.8286, 0.4654), (0.6539, 0.3805, 0.6539), (0.5893, 0.5528, 0.5893), (0.463, 0.5528, 0.6929), (0.5138, 0.3805, 0.7689), (0.2743, -0.9217, 0.2743), (0.3958, -0.8286, 0.3958), (0.311, -0.8286, 0.4654), (0.2155, -0.9217, 0.3225), (0.6937, 0.1939, 0.6937), (0.6539, 0.3805, 0.6539), (0.5138, 0.3805, 0.7689), (0.545, 0.1939, 0.8157), (0.1421, -0.9796, 0.1421), (0.2743, -0.9217, 0.2743), (0.2155, -0.9217, 0.3225), (0.1117, -0.9796, 0.1671), (0.7071, -0, 0.7071), (0.6937, 0.1939, 0.6937), (0.545, 0.1939, 0.8157), (0.5556, -0, 0.8315), (0.1421, 0.9796, 0.1421), (-0, 1, -0), (0.1117, 0.9796, 0.1671), (-0, -1, -0), (0.1421, -0.9796, 0.1421), (0.1117, -0.9796, 0.1671), (0.6937, -0.1939, 0.6937), (0.7071, -0, 0.7071), (0.5556, -0, 0.8315), (0.545, -0.1939, 0.8157), (0.2743, 0.9217, 0.2743), (0.1421, 0.9796, 0.1421), (0.1117, 0.9796, 0.1671), (0.2155, 0.9217, 0.3225), (0.6539, -0.3805, 0.6539), (0.6937, -0.1939, 0.6937), (0.545, -0.1939, 0.8157), (0.5138, -0.3805, 0.7689), (0.3958, 0.8286, 0.3958), (0.2743, 0.9217, 0.2743), (0.2155, 0.9217, 0.3225), (0.311, 0.8286, 0.4654), (0.5893, -0.5528, 0.5893), (0.6539, -0.3805, 0.6539), (0.5138, -0.3805, 0.7689), (0.463, -0.5528, 0.6929), (0.5021, 0.7041, 0.5021), (0.3958, 0.8286, 0.3958), (0.311, 0.8286, 0.4654), (0.3945, 0.7041, 0.5905), (0.5021, -0.7041, 0.5021), (0.5893, -0.5528, 0.5893), (0.463, -0.5528, 0.6929), (0.3945, -0.7041, 0.5905), (0.5893, 0.5528, 0.5893), (0.5021, 0.7041, 0.5021), (0.3945, 0.7041, 0.5905), (0.463, 0.5528, 0.6929), (0.2155, 0.9217, 0.3225), (0.1117, 0.9796, 0.1671), (0.0769, 0.9796, 0.1857), (0.1484, 0.9217, 0.3584), (0.5138, -0.3805, 0.7689), (0.545, -0.1939, 0.8157), (0.3754, -0.1939, 0.9063), (0.3539, -0.3805, 0.8544), (0.311, 0.8286, 0.4654), (0.2155, 0.9217, 0.3225), (0.1484, 0.9217, 0.3584), (0.2142, 0.8286, 0.5172), (0.463, -0.5528, 0.6929), (0.5138, -0.3805, 0.7689), (0.3539, -0.3805, 0.8544), (0.3189, -0.5528, 0.7699), (0.3945, 0.7041, 0.5905), (0.311, 0.8286, 0.4654), (0.2142, 0.8286, 0.5172), (0.2718, 0.7041, 0.6561), (0.3945, -0.7041, 0.5905), (0.463, -0.5528, 0.6929), (0.3189, -0.5528, 0.7699), (0.2718, -0.7041, 0.6561), (0.463, 0.5528, 0.6929), (0.3945, 0.7041, 0.5905), (0.2718, 0.7041, 0.6561), (0.3189, 0.5528, 0.7699), (0.311, -0.8286, 0.4654), (0.3945, -0.7041, 0.5905), (0.2718, -0.7041, 0.6561), (0.2142, -0.8286, 0.5172), (0.5138, 0.3805, 0.7689), (0.463, 0.5528, 0.6929), (0.3189, 0.5528, 0.7699), (0.3539, 0.3805, 0.8544), (0.2155, -0.9217, 0.3225), (0.311, -0.8286, 0.4654), (0.2142, -0.8286, 0.5172), (0.1484, -0.9217, 0.3584), (0.545, 0.1939, 0.8157), (0.5138, 0.3805, 0.7689), (0.3539, 0.3805, 0.8544), (0.3754, 0.1939, 0.9063), (0.1117, -0.9796, 0.1671), (0.2155, -0.9217, 0.3225), (0.1484, -0.9217, 0.3584), (0.0769, -0.9796, 0.1857), (0.5556, -0, 0.8315), (0.545, 0.1939, 0.8157), (0.3754, 0.1939, 0.9063), (0.3827, -0, 0.9239), (0.1117, 0.9796, 0.1671), (-0, 1, -0), (0.0769, 0.9796, 0.1857), (-0, -1, -0), (0.1117, -0.9796, 0.1671), (0.0769, -0.9796, 0.1857), (0.545, -0.1939, 0.8157), (0.5556, -0, 0.8315), (0.3827, -0, 0.9239), (0.3754, -0.1939, 0.9063), (0.3539, 0.3805, 0.8544), (0.3189, 0.5528, 0.7699), (0.1626, 0.5528, 0.8173), (0.1804, 0.3805, 0.907), (0.1484, -0.9217, 0.3584), (0.2142, -0.8286, 0.5172), (0.1092, -0.8286, 0.549), (0.0757, -0.9217, 0.3804), (0.3754, 0.1939, 0.9063), (0.3539, 0.3805, 0.8544), (0.1804, 0.3805, 0.907), (0.1914, 0.1939, 0.9622), (0.0769, -0.9796, 0.1857), (0.1484, -0.9217, 0.3584), (0.0757, -0.9217, 0.3804), (0.0392, -0.9796, 0.1971), (0.3827, -0, 0.9239), (0.3754, 0.1939, 0.9063), (0.1914, 0.1939, 0.9622), (0.1951, -0, 0.9808), (0.0769, 0.9796, 0.1857), (-0, 1, -0), (0.0392, 0.9796, 0.1971), (-0, -1, -0), (0.0769, -0.9796, 0.1857), (0.0392, -0.9796, 0.1971), (0.3754, -0.1939, 0.9063), (0.3827, -0, 0.9239), (0.1951, -0, 0.9808), (0.1914, -0.1939, 0.9622), (0.1484, 0.9217, 0.3584), (0.0769, 0.9796, 0.1857), (0.0392, 0.9796, 0.1971), (0.0757, 0.9217, 0.3804), (0.3539, -0.3805, 0.8544), (0.3754, -0.1939, 0.9063), (0.1914, -0.1939, 0.9622), (0.1804, -0.3805, 0.907), (0.2142, 0.8286, 0.5172), (0.1484, 0.9217, 0.3584), (0.0757, 0.9217, 0.3804), (0.1092, 0.8286, 0.549), (0.3189, -0.5528, 0.7699), (0.3539, -0.3805, 0.8544), (0.1804, -0.3805, 0.907), (0.1626, -0.5528, 0.8173), (0.2718, 0.7041, 0.6561), (0.2142, 0.8286, 0.5172), (0.1092, 0.8286, 0.549), (0.1385, 0.7041, 0.6965), (0.2718, -0.7041, 0.6561), (0.3189, -0.5528, 0.7699), (0.1626, -0.5528, 0.8173), (0.1385, -0.7041, 0.6965), (0.3189, 0.5528, 0.7699), (0.2718, 0.7041, 0.6561), (0.1385, 0.7041, 0.6965), (0.1626, 0.5528, 0.8173), (0.2142, -0.8286, 0.5172), (0.2718, -0.7041, 0.6561), (0.1385, -0.7041, 0.6965), (0.1092, -0.8286, 0.549), (0.1804, -0.3805, 0.907), (0.1914, -0.1939, 0.9622), (-0, -0.1939, 0.981), (-0, -0.3805, 0.9248), (0.1092, 0.8286, 0.549), (0.0757, 0.9217, 0.3804), (-0, 0.9217, 0.3879), (-0, 0.8286, 0.5598), (0.1626, -0.5528, 0.8173), (0.1804, -0.3805, 0.907), (-0, -0.3805, 0.9248), (-0, -0.5528, 0.8333), (0.1385, 0.7041, 0.6965), (0.1092, 0.8286, 0.549), (-0, 0.8286, 0.5598), (-0, 0.7041, 0.7101), (0.1385, -0.7041, 0.6965), (0.1626, -0.5528, 0.8173), (-0, -0.5528, 0.8333), (-0, -0.7041, 0.7101), (0.1626, 0.5528, 0.8173), (0.1385, 0.7041, 0.6965), (-0, 0.7041, 0.7101), (-0, 0.5528, 0.8333), (0.1092, -0.8286, 0.549), (0.1385, -0.7041, 0.6965), (-0, -0.7041, 0.7101), (-0, -0.8286, 0.5598), (0.1804, 0.3805, 0.907), (0.1626, 0.5528, 0.8173), (-0, 0.5528, 0.8333), (-0, 0.3805, 0.9248), (0.0757, -0.9217, 0.3804), (0.1092, -0.8286, 0.549), (-0, -0.8286, 0.5598), (-0, -0.9217, 0.3879), (0.1914, 0.1939, 0.9622), (0.1804, 0.3805, 0.907), (-0, 0.3805, 0.9248), (-0, 0.1939, 0.981), (0.0392, -0.9796, 0.1971), (0.0757, -0.9217, 0.3804), (-0, -0.9217, 0.3879), (-0, -0.9796, 0.201), (0.1951, -0, 0.9808), (0.1914, 0.1939, 0.9622), (-0, 0.1939, 0.981), (-0, -0, 1), (0.0392, 0.9796, 0.1971), (-0, 1, -0), (-0, 0.9796, 0.201), (-0, -1, -0), (0.0392, -0.9796, 0.1971), (-0, -0.9796, 0.201), (0.1914, -0.1939, 0.9622), (0.1951, -0, 0.9808), (-0, -0, 1), (-0, -0.1939, 0.981), (0.0757, 0.9217, 0.3804), (0.0392, 0.9796, 0.1971), (-0, 0.9796, 0.201), (-0, 0.9217, 0.3879), (-0, -0.9217, 0.3879), (-0, -0.8286, 0.5598), (-0.1092, -0.8286, 0.549), (-0.0757, -0.9217, 0.3804), (-0, 0.1939, 0.981), (-0, 0.3805, 0.9248), (-0.1804, 0.3805, 0.907), (-0.1914, 0.1939, 0.9622), (-0, -0.9796, 0.201), (-0, -0.9217, 0.3879), (-0.0757, -0.9217, 0.3804), (-0.0392, -0.9796, 0.1971), (-0, -0, 1), (-0, 0.1939, 0.981), (-0.1914, 0.1939, 0.9622), (-0.1951, -0, 0.9808), (-0, 0.9796, 0.201), (-0, 1, -0), (-0.0392, 0.9796, 0.1971), (-0, -1, -0), (-0, -0.9796, 0.201), (-0.0392, -0.9796, 0.1971), (-0, -0.1939, 0.981), (-0, -0, 1), (-0.1951, -0, 0.9808), (-0.1914, -0.1939, 0.9622), (-0, 0.9217, 0.3879), (-0, 0.9796, 0.201), (-0.0392, 0.9796, 0.1971), (-0.0757, 0.9217, 0.3804), (-0, -0.3805, 0.9248), (-0, -0.1939, 0.981), (-0.1914, -0.1939, 0.9622), (-0.1804, -0.3805, 0.907), (-0, 0.8286, 0.5598), (-0, 0.9217, 0.3879), (-0.0757, 0.9217, 0.3804), (-0.1092, 0.8286, 0.549), (-0, -0.5528, 0.8333), (-0, -0.3805, 0.9248), (-0.1804, -0.3805, 0.907), (-0.1626, -0.5528, 0.8173), (-0, 0.7041, 0.7101), (-0, 0.8286, 0.5598), (-0.1092, 0.8286, 0.549), (-0.1385, 0.7041, 0.6965), (-0, -0.7041, 0.7101), (-0, -0.5528, 0.8333), (-0.1626, -0.5528, 0.8173), (-0.1385, -0.7041, 0.6965), (-0, 0.5528, 0.8333), (-0, 0.7041, 0.7101), (-0.1385, 0.7041, 0.6965), (-0.1626, 0.5528, 0.8173), (-0, -0.8286, 0.5598), (-0, -0.7041, 0.7101), (-0.1385, -0.7041, 0.6965), (-0.1092, -0.8286, 0.549), (-0, 0.3805, 0.9248), (-0, 0.5528, 0.8333), (-0.1626, 0.5528, 0.8173), (-0.1804, 0.3805, 0.907), (-0.1092, 0.8286, 0.549), (-0.0757, 0.9217, 0.3804), (-0.1484, 0.9217, 0.3584), (-0.2142, 0.8286, 0.5172), (-0.1626, -0.5528, 0.8173), (-0.1804, -0.3805, 0.907), (-0.3539, -0.3805, 0.8544), (-0.3189, -0.5528, 0.7699), (-0.1385, 0.7041, 0.6965), (-0.1092, 0.8286, 0.549), (-0.2142, 0.8286, 0.5172), (-0.2718, 0.7041, 0.6561), (-0.1385, -0.7041, 0.6965), (-0.1626, -0.5528, 0.8173), (-0.3189, -0.5528, 0.7699), (-0.2718, -0.7041, 0.6561), (-0.1626, 0.5528, 0.8173), (-0.1385, 0.7041, 0.6965), (-0.2718, 0.7041, 0.6561), (-0.3189, 0.5528, 0.7699), (-0.1092, -0.8286, 0.549), (-0.1385, -0.7041, 0.6965), (-0.2718, -0.7041, 0.6561), (-0.2142, -0.8286, 0.5172), (-0.1804, 0.3805, 0.907), (-0.1626, 0.5528, 0.8173), (-0.3189, 0.5528, 0.7699), (-0.3539, 0.3805, 0.8544), (-0.0757, -0.9217, 0.3804), (-0.1092, -0.8286, 0.549), (-0.2142, -0.8286, 0.5172), (-0.1484, -0.9217, 0.3584), (-0.1914, 0.1939, 0.9622), (-0.1804, 0.3805, 0.907), (-0.3539, 0.3805, 0.8544), (-0.3754, 0.1939, 0.9063), (-0.0392, -0.9796, 0.1971), (-0.0757, -0.9217, 0.3804), (-0.1484, -0.9217, 0.3584), (-0.0769, -0.9796, 0.1857), (-0.1951, -0, 0.9808), (-0.1914, 0.1939, 0.9622), (-0.3754, 0.1939, 0.9063), (-0.3827, -0, 0.9239), (-0.0392, 0.9796, 0.1971), (-0, 1, -0), (-0.0769, 0.9796, 0.1857), (-0, -1, -0), (-0.0392, -0.9796, 0.1971), (-0.0769, -0.9796, 0.1857), (-0.1914, -0.1939, 0.9622), (-0.1951, -0, 0.9808), (-0.3827, -0, 0.9239), (-0.3754, -0.1939, 0.9063), (-0.0757, 0.9217, 0.3804), (-0.0392, 0.9796, 0.1971), (-0.0769, 0.9796, 0.1857), (-0.1484, 0.9217, 0.3584), (-0.1804, -0.3805, 0.907), (-0.1914, -0.1939, 0.9622), (-0.3754, -0.1939, 0.9063), (-0.3539, -0.3805, 0.8544), (-0.3754, 0.1939, 0.9063), (-0.3539, 0.3805, 0.8544), (-0.5138, 0.3805, 0.7689), (-0.545, 0.1939, 0.8157), (-0.0769, -0.9796, 0.1857), (-0.1484, -0.9217, 0.3584), (-0.2155, -0.9217, 0.3225), (-0.1117, -0.9796, 0.1671), (-0.3827, -0, 0.9239), (-0.3754, 0.1939, 0.9063), (-0.545, 0.1939, 0.8157), (-0.5556, -0, 0.8315), (-0.0769, 0.9796, 0.1857), (-0, 1, -0), (-0.1117, 0.9796, 0.1671), (-0, -1, -0), (-0.0769, -0.9796, 0.1857), (-0.1117, -0.9796, 0.1671), (-0.3754, -0.1939, 0.9063), (-0.3827, -0, 0.9239), (-0.5556, -0, 0.8315), (-0.545, -0.1939, 0.8157), (-0.1484, 0.9217, 0.3584), (-0.0769, 0.9796, 0.1857), (-0.1117, 0.9796, 0.1671), (-0.2155, 0.9217, 0.3225), (-0.3539, -0.3805, 0.8544), (-0.3754, -0.1939, 0.9063), (-0.545, -0.1939, 0.8157), (-0.5138, -0.3805, 0.7689), (-0.2142, 0.8286, 0.5172), (-0.1484, 0.9217, 0.3584), (-0.2155, 0.9217, 0.3225), (-0.311, 0.8286, 0.4654), (-0.3189, -0.5528, 0.7699), (-0.3539, -0.3805, 0.8544), (-0.5138, -0.3805, 0.7689), (-0.463, -0.5528, 0.6929), (-0.2718, 0.7041, 0.6561), (-0.2142, 0.8286, 0.5172), (-0.311, 0.8286, 0.4654), (-0.3945, 0.7041, 0.5905), (-0.2718, -0.7041, 0.6561), (-0.3189, -0.5528, 0.7699), (-0.463, -0.5528, 0.6929), (-0.3945, -0.7041, 0.5905), (-0.3189, 0.5528, 0.7699), (-0.2718, 0.7041, 0.6561), (-0.3945, 0.7041, 0.5905), (-0.463, 0.5528, 0.6929), (-0.2142, -0.8286, 0.5172), (-0.2718, -0.7041, 0.6561), (-0.3945, -0.7041, 0.5905), (-0.311, -0.8286, 0.4654), (-0.3539, 0.3805, 0.8544), (-0.3189, 0.5528, 0.7699), (-0.463, 0.5528, 0.6929), (-0.5138, 0.3805, 0.7689), (-0.1484, -0.9217, 0.3584), (-0.2142, -0.8286, 0.5172), (-0.311, -0.8286, 0.4654), (-0.2155, -0.9217, 0.3225), (-0.463, -0.5528, 0.6929), (-0.5138, -0.3805, 0.7689), (-0.6539, -0.3805, 0.6539), (-0.5893, -0.5528, 0.5893), (-0.3945, 0.7041, 0.5905), (-0.311, 0.8286, 0.4654), (-0.3958, 0.8286, 0.3958), (-0.5021, 0.7041, 0.5021), (-0.3945, -0.7041, 0.5905), (-0.463, -0.5528, 0.6929), (-0.5893, -0.5528, 0.5893), (-0.5021, -0.7041, 0.5021), (-0.463, 0.5528, 0.6929), (-0.3945, 0.7041, 0.5905), (-0.5021, 0.7041, 0.5021), (-0.5893, 0.5528, 0.5893), (-0.311, -0.8286, 0.4654), (-0.3945, -0.7041, 0.5905), (-0.5021, -0.7041, 0.5021), (-0.3958, -0.8286, 0.3958), (-0.5138, 0.3805, 0.7689), (-0.463, 0.5528, 0.6929), (-0.5893, 0.5528, 0.5893), (-0.6539, 0.3805, 0.6539), (-0.2155, -0.9217, 0.3225), (-0.311, -0.8286, 0.4654), (-0.3958, -0.8286, 0.3958), (-0.2743, -0.9217, 0.2743), (-0.545, 0.1939, 0.8157), (-0.5138, 0.3805, 0.7689), (-0.6539, 0.3805, 0.6539), (-0.6937, 0.1939, 0.6937), (-0.1117, -0.9796, 0.1671), (-0.2155, -0.9217, 0.3225), (-0.2743, -0.9217, 0.2743), (-0.1421, -0.9796, 0.1421), (-0.5556, -0, 0.8315), (-0.545, 0.1939, 0.8157), (-0.6937, 0.1939, 0.6937), (-0.7071, -0, 0.7071), (-0.1117, 0.9796, 0.1671), (-0, 1, -0), (-0.1421, 0.9796, 0.1421), (-0, -1, -0), (-0.1117, -0.9796, 0.1671), (-0.1421, -0.9796, 0.1421), (-0.545, -0.1939, 0.8157), (-0.5556, -0, 0.8315), (-0.7071, -0, 0.7071), (-0.6937, -0.1939, 0.6937), (-0.2155, 0.9217, 0.3225), (-0.1117, 0.9796, 0.1671), (-0.1421, 0.9796, 0.1421), (-0.2743, 0.9217, 0.2743), (-0.5138, -0.3805, 0.7689), (-0.545, -0.1939, 0.8157), (-0.6937, -0.1939, 0.6937), (-0.6539, -0.3805, 0.6539), (-0.311, 0.8286, 0.4654), (-0.2155, 0.9217, 0.3225), (-0.2743, 0.9217, 0.2743), (-0.3958, 0.8286, 0.3958), (-0.1421, -0.9796, 0.1421), (-0.2743, -0.9217, 0.2743), (-0.3225, -0.9217, 0.2155), (-0.1671, -0.9796, 0.1117), (-0.7071, -0, 0.7071), (-0.6937, 0.1939, 0.6937), (-0.8157, 0.1939, 0.545), (-0.8315, -0, 0.5556), (-0.1421, 0.9796, 0.1421), (-0, 1, -0), (-0.1671, 0.9796, 0.1117), (-0, -1, -0), (-0.1421, -0.9796, 0.1421), (-0.1671, -0.9796, 0.1117), (-0.6937, -0.1939, 0.6937), (-0.7071, -0, 0.7071), (-0.8315, -0, 0.5556), (-0.8157, -0.1939, 0.545), (-0.2743, 0.9217, 0.2743), (-0.1421, 0.9796, 0.1421), (-0.1671, 0.9796, 0.1117), (-0.3225, 0.9217, 0.2155), (-0.6539, -0.3805, 0.6539), (-0.6937, -0.1939, 0.6937), (-0.8157, -0.1939, 0.545), (-0.7689, -0.3805, 0.5138), (-0.3958, 0.8286, 0.3958), (-0.2743, 0.9217, 0.2743), (-0.3225, 0.9217, 0.2155), (-0.4654, 0.8286, 0.311), (-0.5893, -0.5528, 0.5893), (-0.6539, -0.3805, 0.6539), (-0.7689, -0.3805, 0.5138), (-0.6929, -0.5528, 0.463), (-0.5021, 0.7041, 0.5021), (-0.3958, 0.8286, 0.3958), (-0.4654, 0.8286, 0.311), (-0.5905, 0.7041, 0.3945), (-0.5021, -0.7041, 0.5021), (-0.5893, -0.5528, 0.5893), (-0.6929, -0.5528, 0.463), (-0.5905, -0.7041, 0.3945), (-0.5893, 0.5528, 0.5893), (-0.5021, 0.7041, 0.5021), (-0.5905, 0.7041, 0.3945), (-0.6929, 0.5528, 0.463), (-0.3958, -0.8286, 0.3958), (-0.5021, -0.7041, 0.5021), (-0.5905, -0.7041, 0.3945), (-0.4654, -0.8286, 0.311), (-0.6539, 0.3805, 0.6539), (-0.5893, 0.5528, 0.5893), (-0.6929, 0.5528, 0.463), (-0.7689, 0.3805, 0.5138), (-0.2743, -0.9217, 0.2743), (-0.3958, -0.8286, 0.3958), (-0.4654, -0.8286, 0.311), (-0.3225, -0.9217, 0.2155), (-0.6937, 0.1939, 0.6937), (-0.6539, 0.3805, 0.6539), (-0.7689, 0.3805, 0.5138), (-0.8157, 0.1939, 0.545), (-0.5905, -0.7041, 0.3945), (-0.6929, -0.5528, 0.463), (-0.7699, -0.5528, 0.3189), (-0.6561, -0.7041, 0.2718), (-0.6929, 0.5528, 0.463), (-0.5905, 0.7041, 0.3945), (-0.6561, 0.7041, 0.2718), (-0.7699, 0.5528, 0.3189), (-0.4654, -0.8286, 0.311), (-0.5905, -0.7041, 0.3945), (-0.6561, -0.7041, 0.2718), (-0.5172, -0.8286, 0.2142), (-0.7689, 0.3805, 0.5138), (-0.6929, 0.5528, 0.463), (-0.7699, 0.5528, 0.3189), (-0.8544, 0.3805, 0.3539), (-0.3225, -0.9217, 0.2155), (-0.4654, -0.8286, 0.311), (-0.5172, -0.8286, 0.2142), (-0.3584, -0.9217, 0.1484), (-0.8157, 0.1939, 0.545), (-0.7689, 0.3805, 0.5138), (-0.8544, 0.3805, 0.3539), (-0.9063, 0.1939, 0.3754), (-0.1671, -0.9796, 0.1117), (-0.3225, -0.9217, 0.2155), (-0.3584, -0.9217, 0.1484), (-0.1857, -0.9796, 0.0769), (-0.8315, -0, 0.5556), (-0.8157, 0.1939, 0.545), (-0.9063, 0.1939, 0.3754), (-0.9239, -0, 0.3827), (-0.1671, 0.9796, 0.1117), (-0, 1, -0), (-0.1857, 0.9796, 0.0769), (-0, -1, -0), (-0.1671, -0.9796, 0.1117), (-0.1857, -0.9796, 0.0769), (-0.8157, -0.1939, 0.545), (-0.8315, -0, 0.5556), (-0.9239, -0, 0.3827), (-0.9063, -0.1939, 0.3754), (-0.3225, 0.9217, 0.2155), (-0.1671, 0.9796, 0.1117), (-0.1857, 0.9796, 0.0769), (-0.3584, 0.9217, 0.1484), (-0.7689, -0.3805, 0.5138), (-0.8157, -0.1939, 0.545), (-0.9063, -0.1939, 0.3754), (-0.8544, -0.3805, 0.3539), (-0.4654, 0.8286, 0.311), (-0.3225, 0.9217, 0.2155), (-0.3584, 0.9217, 0.1484), (-0.5172, 0.8286, 0.2142), (-0.6929, -0.5528, 0.463), (-0.7689, -0.3805, 0.5138), (-0.8544, -0.3805, 0.3539), (-0.7699, -0.5528, 0.3189), (-0.5905, 0.7041, 0.3945), (-0.4654, 0.8286, 0.311), (-0.5172, 0.8286, 0.2142), (-0.6561, 0.7041, 0.2718), (-0.1857, 0.9796, 0.0769), (-0, 1, -0), (-0.1971, 0.9796, 0.0392), (-0, -1, -0), (-0.1857, -0.9796, 0.0769), (-0.1971, -0.9796, 0.0392), (-0.9063, -0.1939, 0.3754), (-0.9239, -0, 0.3827), (-0.9808, -0, 0.1951), (-0.9622, -0.1939, 0.1914), (-0.3584, 0.9217, 0.1484), (-0.1857, 0.9796, 0.0769), (-0.1971, 0.9796, 0.0392), (-0.3804, 0.9217, 0.0757), (-0.8544, -0.3805, 0.3539), (-0.9063, -0.1939, 0.3754), (-0.9622, -0.1939, 0.1914), (-0.907, -0.3805, 0.1804), (-0.5172, 0.8286, 0.2142), (-0.3584, 0.9217, 0.1484), (-0.3804, 0.9217, 0.0757), (-0.549, 0.8286, 0.1092), (-0.7699, -0.5528, 0.3189), (-0.8544, -0.3805, 0.3539), (-0.907, -0.3805, 0.1804), (-0.8173, -0.5528, 0.1626), (-0.6561, 0.7041, 0.2718), (-0.5172, 0.8286, 0.2142), (-0.549, 0.8286, 0.1092), (-0.6965, 0.7041, 0.1385), (-0.6561, -0.7041, 0.2718), (-0.7699, -0.5528, 0.3189), (-0.8173, -0.5528, 0.1626), (-0.6965, -0.7041, 0.1385), (-0.7699, 0.5528, 0.3189), (-0.6561, 0.7041, 0.2718), (-0.6965, 0.7041, 0.1385), (-0.8173, 0.5528, 0.1626), (-0.5172, -0.8286, 0.2142), (-0.6561, -0.7041, 0.2718), (-0.6965, -0.7041, 0.1385), (-0.549, -0.8286, 0.1092), (-0.8544, 0.3805, 0.3539), (-0.7699, 0.5528, 0.3189), (-0.8173, 0.5528, 0.1626), (-0.907, 0.3805, 0.1804), (-0.3584, -0.9217, 0.1484), (-0.5172, -0.8286, 0.2142), (-0.549, -0.8286, 0.1092), (-0.3804, -0.9217, 0.0757), (-0.9063, 0.1939, 0.3754), (-0.8544, 0.3805, 0.3539), (-0.907, 0.3805, 0.1804), (-0.9622, 0.1939, 0.1914), (-0.1857, -0.9796, 0.0769), (-0.3584, -0.9217, 0.1484), (-0.3804, -0.9217, 0.0757), (-0.1971, -0.9796, 0.0392), (-0.9239, -0, 0.3827), (-0.9063, 0.1939, 0.3754), (-0.9622, 0.1939, 0.1914), (-0.9808, -0, 0.1951), (-0.8173, 0.5528, 0.1626), (-0.6965, 0.7041, 0.1385), (-0.7101, 0.7041, -0), (-0.8333, 0.5528, -0), (-0.549, -0.8286, 0.1092), (-0.6965, -0.7041, 0.1385), (-0.7101, -0.7041, -0), (-0.5598, -0.8286, -0), (-0.907, 0.3805, 0.1804), (-0.8173, 0.5528, 0.1626), (-0.8333, 0.5528, -0), (-0.9248, 0.3805, -0), (-0.3804, -0.9217, 0.0757), (-0.549, -0.8286, 0.1092), (-0.5598, -0.8286, -0), (-0.3879, -0.9217, -0), (-0.9622, 0.1939, 0.1914), (-0.907, 0.3805, 0.1804), (-0.9248, 0.3805, -0), (-0.981, 0.1939, -0), (-0.1971, -0.9796, 0.0392), (-0.3804, -0.9217, 0.0757), (-0.3879, -0.9217, -0), (-0.201, -0.9796, -0), (-0.9808, -0, 0.1951), (-0.9622, 0.1939, 0.1914), (-0.981, 0.1939, -0), (-1, -0, -0), (-0.1971, 0.9796, 0.0392), (-0, 1, -0), (-0.201, 0.9796, -0), (-0, -1, -0), (-0.1971, -0.9796, 0.0392), (-0.201, -0.9796, -0), (-0.9622, -0.1939, 0.1914), (-0.9808, -0, 0.1951), (-1, -0, -0), (-0.981, -0.1939, -0), (-0.3804, 0.9217, 0.0757), (-0.1971, 0.9796, 0.0392), (-0.201, 0.9796, -0), (-0.3879, 0.9217, -0), (-0.907, -0.3805, 0.1804), (-0.9622, -0.1939, 0.1914), (-0.981, -0.1939, -0), (-0.9248, -0.3805, -0), (-0.549, 0.8286, 0.1092), (-0.3804, 0.9217, 0.0757), (-0.3879, 0.9217, -0), (-0.5598, 0.8286, -0), (-0.8173, -0.5528, 0.1626), (-0.907, -0.3805, 0.1804), (-0.9248, -0.3805, -0), (-0.8333, -0.5528, -0), (-0.6965, 0.7041, 0.1385), (-0.549, 0.8286, 0.1092), (-0.5598, 0.8286, -0), (-0.7101, 0.7041, -0), (-0.6965, -0.7041, 0.1385), (-0.8173, -0.5528, 0.1626), (-0.8333, -0.5528, -0), (-0.7101, -0.7041, -0), (-0.981, -0.1939, -0), (-1, -0, -0), (-0.9808, -0, -0.1951), (-0.9622, -0.1939, -0.1914), (-0.3879, 0.9217, -0), (-0.201, 0.9796, -0), (-0.1971, 0.9796, -0.0392), (-0.3804, 0.9217, -0.0757), (-0.9248, -0.3805, -0), (-0.981, -0.1939, -0), (-0.9622, -0.1939, -0.1914), (-0.907, -0.3805, -0.1804), (-0.5598, 0.8286, -0), (-0.3879, 0.9217, -0), (-0.3804, 0.9217, -0.0757), (-0.549, 0.8286, -0.1092), (-0.8333, -0.5528, -0), (-0.9248, -0.3805, -0), (-0.907, -0.3805, -0.1804), (-0.8173, -0.5528, -0.1626), (-0.7101, 0.7041, -0), (-0.5598, 0.8286, -0), (-0.549, 0.8286, -0.1092), (-0.6965, 0.7041, -0.1385), (-0.7101, -0.7041, -0), (-0.8333, -0.5528, -0), (-0.8173, -0.5528, -0.1626), (-0.6965, -0.7041, -0.1385), (-0.8333, 0.5528, -0), (-0.7101, 0.7041, -0), (-0.6965, 0.7041, -0.1385), (-0.8173, 0.5528, -0.1626), (-0.5598, -0.8286, -0), (-0.7101, -0.7041, -0), (-0.6965, -0.7041, -0.1385), (-0.549, -0.8286, -0.1092), (-0.9248, 0.3805, -0), (-0.8333, 0.5528, -0), (-0.8173, 0.5528, -0.1626), (-0.907, 0.3805, -0.1804), (-0.3879, -0.9217, -0), (-0.5598, -0.8286, -0), (-0.549, -0.8286, -0.1092), (-0.3804, -0.9217, -0.0757), (-0.981, 0.1939, -0), (-0.9248, 0.3805, -0), (-0.907, 0.3805, -0.1804), (-0.9622, 0.1939, -0.1914), (-0.201, -0.9796, -0), (-0.3879, -0.9217, -0), (-0.3804, -0.9217, -0.0757), (-0.1971, -0.9796, -0.0392), (-1, -0, -0), (-0.981, 0.1939, -0), (-0.9622, 0.1939, -0.1914), (-0.9808, -0, -0.1951), (-0.201, 0.9796, -0), (-0, 1, -0), (-0.1971, 0.9796, -0.0392), (-0, -1, -0), (-0.201, -0.9796, -0), (-0.1971, -0.9796, -0.0392), (-0.549, -0.8286, -0.1092), (-0.6965, -0.7041, -0.1385), (-0.6561, -0.7041, -0.2718), (-0.5172, -0.8286, -0.2142), (-0.907, 0.3805, -0.1804), (-0.8173, 0.5528, -0.1626), (-0.7699, 0.5528, -0.3189), (-0.8544, 0.3805, -0.3539), (-0.3804, -0.9217, -0.0757), (-0.549, -0.8286, -0.1092), (-0.5172, -0.8286, -0.2142), (-0.3584, -0.9217, -0.1484), (-0.9622, 0.1939, -0.1914), (-0.907, 0.3805, -0.1804), (-0.8544, 0.3805, -0.3539), (-0.9063, 0.1939, -0.3754), (-0.1971, -0.9796, -0.0392), (-0.3804, -0.9217, -0.0757), (-0.3584, -0.9217, -0.1484), (-0.1857, -0.9796, -0.0769), (-0.9808, -0, -0.1951), (-0.9622, 0.1939, -0.1914), (-0.9063, 0.1939, -0.3754), (-0.9239, -0, -0.3827), (-0.1971, 0.9796, -0.0392), (-0, 1, -0), (-0.1857, 0.9796, -0.0769), (-0, -1, -0), (-0.1971, -0.9796, -0.0392), (-0.1857, -0.9796, -0.0769), (-0.9622, -0.1939, -0.1914), (-0.9808, -0, -0.1951), (-0.9239, -0, -0.3827), (-0.9063, -0.1939, -0.3754), (-0.3804, 0.9217, -0.0757), (-0.1971, 0.9796, -0.0392), (-0.1857, 0.9796, -0.0769), (-0.3584, 0.9217, -0.1484), (-0.907, -0.3805, -0.1804), (-0.9622, -0.1939, -0.1914), (-0.9063, -0.1939, -0.3754), (-0.8544, -0.3805, -0.3539), (-0.549, 0.8286, -0.1092), (-0.3804, 0.9217, -0.0757), (-0.3584, 0.9217, -0.1484), (-0.5172, 0.8286, -0.2142), (-0.8173, -0.5528, -0.1626), (-0.907, -0.3805, -0.1804), (-0.8544, -0.3805, -0.3539), (-0.7699, -0.5528, -0.3189), (-0.6965, 0.7041, -0.1385), (-0.549, 0.8286, -0.1092), (-0.5172, 0.8286, -0.2142), (-0.6561, 0.7041, -0.2718), (-0.6965, -0.7041, -0.1385), (-0.8173, -0.5528, -0.1626), (-0.7699, -0.5528, -0.3189), (-0.6561, -0.7041, -0.2718), (-0.8173, 0.5528, -0.1626), (-0.6965, 0.7041, -0.1385), (-0.6561, 0.7041, -0.2718), (-0.7699, 0.5528, -0.3189), (-0.3584, 0.9217, -0.1484), (-0.1857, 0.9796, -0.0769), (-0.1671, 0.9796, -0.1117), (-0.3225, 0.9217, -0.2155), (-0.8544, -0.3805, -0.3539), (-0.9063, -0.1939, -0.3754), (-0.8157, -0.1939, -0.545), (-0.7689, -0.3805, -0.5138), (-0.5172, 0.8286, -0.2142), (-0.3584, 0.9217, -0.1484), (-0.3225, 0.9217, -0.2155), (-0.4654, 0.8286, -0.311), (-0.7699, -0.5528, -0.3189), (-0.8544, -0.3805, -0.3539), (-0.7689, -0.3805, -0.5138), (-0.6929, -0.5528, -0.463), (-0.6561, 0.7041, -0.2718), (-0.5172, 0.8286, -0.2142), (-0.4654, 0.8286, -0.311), (-0.5905, 0.7041, -0.3945), (-0.6561, -0.7041, -0.2718), (-0.7699, -0.5528, -0.3189), (-0.6929, -0.5528, -0.463), (-0.5905, -0.7041, -0.3945), (-0.7699, 0.5528, -0.3189), (-0.6561, 0.7041, -0.2718), (-0.5905, 0.7041, -0.3945), (-0.6929, 0.5528, -0.463), (-0.5172, -0.8286, -0.2142), (-0.6561, -0.7041, -0.2718), (-0.5905, -0.7041, -0.3945), (-0.4654, -0.8286, -0.311), (-0.8544, 0.3805, -0.3539), (-0.7699, 0.5528, -0.3189), (-0.6929, 0.5528, -0.463), (-0.7689, 0.3805, -0.5138), (-0.3584, -0.9217, -0.1484), (-0.5172, -0.8286, -0.2142), (-0.4654, -0.8286, -0.311), (-0.3225, -0.9217, -0.2155), (-0.9063, 0.1939, -0.3754), (-0.8544, 0.3805, -0.3539), (-0.7689, 0.3805, -0.5138), (-0.8157, 0.1939, -0.545), (-0.1857, -0.9796, -0.0769), (-0.3584, -0.9217, -0.1484), (-0.3225, -0.9217, -0.2155), (-0.1671, -0.9796, -0.1117), (-0.9239, -0, -0.3827), (-0.9063, 0.1939, -0.3754), (-0.8157, 0.1939, -0.545), (-0.8315, -0, -0.5556), (-0.1857, 0.9796, -0.0769), (-0, 1, -0), (-0.1671, 0.9796, -0.1117), (-0, -1, -0), (-0.1857, -0.9796, -0.0769), (-0.1671, -0.9796, -0.1117), (-0.9063, -0.1939, -0.3754), (-0.9239, -0, -0.3827), (-0.8315, -0, -0.5556), (-0.8157, -0.1939, -0.545), (-0.7689, 0.3805, -0.5138), (-0.6929, 0.5528, -0.463), (-0.5893, 0.5528, -0.5893), (-0.6539, 0.3805, -0.6539), (-0.3225, -0.9217, -0.2155), (-0.4654, -0.8286, -0.311), (-0.3958, -0.8286, -0.3958), (-0.2743, -0.9217, -0.2743), (-0.8157, 0.1939, -0.545), (-0.7689, 0.3805, -0.5138), (-0.6539, 0.3805, -0.6539), (-0.6937, 0.1939, -0.6937), (-0.1671, -0.9796, -0.1117), (-0.3225, -0.9217, -0.2155), (-0.2743, -0.9217, -0.2743), (-0.1421, -0.9796, -0.1421), (-0.8315, -0, -0.5556), (-0.8157, 0.1939, -0.545), (-0.6937, 0.1939, -0.6937), (-0.7071, -0, -0.7071), (-0.1671, 0.9796, -0.1117), (-0, 1, -0), (-0.1421, 0.9796, -0.1421), (-0, -1, -0), (-0.1671, -0.9796, -0.1117), (-0.1421, -0.9796, -0.1421), (-0.8157, -0.1939, -0.545), (-0.8315, -0, -0.5556), (-0.7071, -0, -0.7071), (-0.6937, -0.1939, -0.6937), (-0.3225, 0.9217, -0.2155), (-0.1671, 0.9796, -0.1117), (-0.1421, 0.9796, -0.1421), (-0.2743, 0.9217, -0.2743), (-0.7689, -0.3805, -0.5138), (-0.8157, -0.1939, -0.545), (-0.6937, -0.1939, -0.6937), (-0.6539, -0.3805, -0.6539), (-0.4654, 0.8286, -0.311), (-0.3225, 0.9217, -0.2155), (-0.2743, 0.9217, -0.2743), (-0.3958, 0.8286, -0.3958), (-0.6929, -0.5528, -0.463), (-0.7689, -0.3805, -0.5138), (-0.6539, -0.3805, -0.6539), (-0.5893, -0.5528, -0.5893), (-0.5905, 0.7041, -0.3945), (-0.4654, 0.8286, -0.311), (-0.3958, 0.8286, -0.3958), (-0.5021, 0.7041, -0.5021), (-0.5905, -0.7041, -0.3945), (-0.6929, -0.5528, -0.463), (-0.5893, -0.5528, -0.5893), (-0.5021, -0.7041, -0.5021), (-0.6929, 0.5528, -0.463), (-0.5905, 0.7041, -0.3945), (-0.5021, 0.7041, -0.5021), (-0.5893, 0.5528, -0.5893), (-0.4654, -0.8286, -0.311), (-0.5905, -0.7041, -0.3945), (-0.5021, -0.7041, -0.5021), (-0.3958, -0.8286, -0.3958), (-0.6539, -0.3805, -0.6539), (-0.6937, -0.1939, -0.6937), (-0.545, -0.1939, -0.8157), (-0.5138, -0.3805, -0.7689), (-0.3958, 0.8286, -0.3958), (-0.2743, 0.9217, -0.2743), (-0.2155, 0.9217, -0.3225), (-0.311, 0.8286, -0.4654), (-0.5893, -0.5528, -0.5893), (-0.6539, -0.3805, -0.6539), (-0.5138, -0.3805, -0.7689), (-0.463, -0.5528, -0.6929), (-0.5021, 0.7041, -0.5021), (-0.3958, 0.8286, -0.3958), (-0.311, 0.8286, -0.4654), (-0.3945, 0.7041, -0.5905), (-0.5021, -0.7041, -0.5021), (-0.5893, -0.5528, -0.5893), (-0.463, -0.5528, -0.6929), (-0.3945, -0.7041, -0.5905), (-0.5893, 0.5528, -0.5893), (-0.5021, 0.7041, -0.5021), (-0.3945, 0.7041, -0.5905), (-0.463, 0.5528, -0.6929), (-0.3958, -0.8286, -0.3958), (-0.5021, -0.7041, -0.5021), (-0.3945, -0.7041, -0.5905), (-0.311, -0.8286, -0.4654), (-0.6539, 0.3805, -0.6539), (-0.5893, 0.5528, -0.5893), (-0.463, 0.5528, -0.6929), (-0.5138, 0.3805, -0.7689), (-0.2743, -0.9217, -0.2743), (-0.3958, -0.8286, -0.3958), (-0.311, -0.8286, -0.4654), (-0.2155, -0.9217, -0.3225), (-0.6937, 0.1939, -0.6937), (-0.6539, 0.3805, -0.6539), (-0.5138, 0.3805, -0.7689), (-0.545, 0.1939, -0.8157), (-0.1421, -0.9796, -0.1421), (-0.2743, -0.9217, -0.2743), (-0.2155, -0.9217, -0.3225), (-0.1117, -0.9796, -0.1671), (-0.7071, -0, -0.7071), (-0.6937, 0.1939, -0.6937), (-0.545, 0.1939, -0.8157), (-0.5556, -0, -0.8315), (-0.1421, 0.9796, -0.1421), (-0, 1, -0), (-0.1117, 0.9796, -0.1671), (-0, -1, -0), (-0.1421, -0.9796, -0.1421), (-0.1117, -0.9796, -0.1671), (-0.6937, -0.1939, -0.6937), (-0.7071, -0, -0.7071), (-0.5556, -0, -0.8315), (-0.545, -0.1939, -0.8157), (-0.2743, 0.9217, -0.2743), (-0.1421, 0.9796, -0.1421), (-0.1117, 0.9796, -0.1671), (-0.2155, 0.9217, -0.3225), (-0.2155, -0.9217, -0.3225), (-0.311, -0.8286, -0.4654), (-0.2142, -0.8286, -0.5172), (-0.1484, -0.9217, -0.3584), (-0.545, 0.1939, -0.8157), (-0.5138, 0.3805, -0.7689), (-0.3539, 0.3805, -0.8544), (-0.3754, 0.1939, -0.9063), (-0.1117, -0.9796, -0.1671), (-0.2155, -0.9217, -0.3225), (-0.1484, -0.9217, -0.3584), (-0.0769, -0.9796, -0.1857), (-0.5556, -0, -0.8315), (-0.545, 0.1939, -0.8157), (-0.3754, 0.1939, -0.9063), (-0.3827, -0, -0.9239), (-0.1117, 0.9796, -0.1671), (-0, 1, -0), (-0.0769, 0.9796, -0.1857), (-0, -1, -0), (-0.1117, -0.9796, -0.1671), (-0.0769, -0.9796, -0.1857), (-0.545, -0.1939, -0.8157), (-0.5556, -0, -0.8315), (-0.3827, -0, -0.9239), (-0.3754, -0.1939, -0.9063), (-0.2155, 0.9217, -0.3225), (-0.1117, 0.9796, -0.1671), (-0.0769, 0.9796, -0.1857), (-0.1484, 0.9217, -0.3584), (-0.5138, -0.3805, -0.7689), (-0.545, -0.1939, -0.8157), (-0.3754, -0.1939, -0.9063), (-0.3539, -0.3805, -0.8544), (-0.311, 0.8286, -0.4654), (-0.2155, 0.9217, -0.3225), (-0.1484, 0.9217, -0.3584), (-0.2142, 0.8286, -0.5172), (-0.463, -0.5528, -0.6929), (-0.5138, -0.3805, -0.7689), (-0.3539, -0.3805, -0.8544), (-0.3189, -0.5528, -0.7699), (-0.3945, 0.7041, -0.5905), (-0.311, 0.8286, -0.4654), (-0.2142, 0.8286, -0.5172), (-0.2718, 0.7041, -0.6561), (-0.3945, -0.7041, -0.5905), (-0.463, -0.5528, -0.6929), (-0.3189, -0.5528, -0.7699), (-0.2718, -0.7041, -0.6561), (-0.463, 0.5528, -0.6929), (-0.3945, 0.7041, -0.5905), (-0.2718, 0.7041, -0.6561), (-0.3189, 0.5528, -0.7699), (-0.311, -0.8286, -0.4654), (-0.3945, -0.7041, -0.5905), (-0.2718, -0.7041, -0.6561), (-0.2142, -0.8286, -0.5172), (-0.5138, 0.3805, -0.7689), (-0.463, 0.5528, -0.6929), (-0.3189, 0.5528, -0.7699), (-0.3539, 0.3805, -0.8544), (-0.3189, -0.5528, -0.7699), (-0.3539, -0.3805, -0.8544), (-0.1804, -0.3805, -0.907), (-0.1626, -0.5528, -0.8173), (-0.2718, 0.7041, -0.6561), (-0.2142, 0.8286, -0.5172), (-0.1092, 0.8286, -0.549), (-0.1385, 0.7041, -0.6965), (-0.2718, -0.7041, -0.6561), (-0.3189, -0.5528, -0.7699), (-0.1626, -0.5528, -0.8173), (-0.1385, -0.7041, -0.6965), (-0.3189, 0.5528, -0.7699), (-0.2718, 0.7041, -0.6561), (-0.1385, 0.7041, -0.6965), (-0.1626, 0.5528, -0.8173), (-0.2142, -0.8286, -0.5172), (-0.2718, -0.7041, -0.6561), (-0.1385, -0.7041, -0.6965), (-0.1092, -0.8286, -0.549), (-0.3539, 0.3805, -0.8544), (-0.3189, 0.5528, -0.7699), (-0.1626, 0.5528, -0.8173), (-0.1804, 0.3805, -0.907), (-0.1484, -0.9217, -0.3584), (-0.2142, -0.8286, -0.5172), (-0.1092, -0.8286, -0.549), (-0.0757, -0.9217, -0.3804), (-0.3754, 0.1939, -0.9063), (-0.3539, 0.3805, -0.8544), (-0.1804, 0.3805, -0.907), (-0.1914, 0.1939, -0.9622), (-0.0769, -0.9796, -0.1857), (-0.1484, -0.9217, -0.3584), (-0.0757, -0.9217, -0.3804), (-0.0392, -0.9796, -0.1971), (-0.3827, -0, -0.9239), (-0.3754, 0.1939, -0.9063), (-0.1914, 0.1939, -0.9622), (-0.1951, -0, -0.9808), (-0.0769, 0.9796, -0.1857), (-0, 1, -0), (-0.0392, 0.9796, -0.1971), (-0, -1, -0), (-0.0769, -0.9796, -0.1857), (-0.0392, -0.9796, -0.1971), (-0.3754, -0.1939, -0.9063), (-0.3827, -0, -0.9239), (-0.1951, -0, -0.9808), (-0.1914, -0.1939, -0.9622), (-0.1484, 0.9217, -0.3584), (-0.0769, 0.9796, -0.1857), (-0.0392, 0.9796, -0.1971), (-0.0757, 0.9217, -0.3804), (-0.3539, -0.3805, -0.8544), (-0.3754, -0.1939, -0.9063), (-0.1914, -0.1939, -0.9622), (-0.1804, -0.3805, -0.907), (-0.2142, 0.8286, -0.5172), (-0.1484, 0.9217, -0.3584), (-0.0757, 0.9217, -0.3804), (-0.1092, 0.8286, -0.549), (-0.0392, -0.9796, -0.1971), (-0.0757, -0.9217, -0.3804), (-0, -0.9217, -0.3879), (-0, -0.9796, -0.201), (-0.1951, -0, -0.9808), (-0.1914, 0.1939, -0.9622), (-0, 0.1939, -0.981), (-0, -0, -1), (-0.0392, 0.9796, -0.1971), (-0, 1, -0), (-0, 0.9796, -0.201), (-0, -1, -0), (-0.0392, -0.9796, -0.1971), (-0, -0.9796, -0.201), (-0.1914, -0.1939, -0.9622), (-0.1951, -0, -0.9808), (-0, -0, -1), (-0, -0.1939, -0.981), (-0.0757, 0.9217, -0.3804), (-0.0392, 0.9796, -0.1971), (-0, 0.9796, -0.201), (-0, 0.9217, -0.3879), (-0.1804, -0.3805, -0.907), (-0.1914, -0.1939, -0.9622), (-0, -0.1939, -0.981), (-0, -0.3805, -0.9248), (-0.1092, 0.8286, -0.549), (-0.0757, 0.9217, -0.3804), (-0, 0.9217, -0.3879), (-0, 0.8286, -0.5598), (-0.1626, -0.5528, -0.8173), (-0.1804, -0.3805, -0.907), (-0, -0.3805, -0.9248), (-0, -0.5528, -0.8333), (-0.1385, 0.7041, -0.6965), (-0.1092, 0.8286, -0.549), (-0, 0.8286, -0.5598), (-0, 0.7041, -0.7101), (-0.1385, -0.7041, -0.6965), (-0.1626, -0.5528, -0.8173), (-0, -0.5528, -0.8333), (-0, -0.7041, -0.7101), (-0.1626, 0.5528, -0.8173), (-0.1385, 0.7041, -0.6965), (-0, 0.7041, -0.7101), (-0, 0.5528, -0.8333), (-0.1092, -0.8286, -0.549), (-0.1385, -0.7041, -0.6965), (-0, -0.7041, -0.7101), (-0, -0.8286, -0.5598), (-0.1804, 0.3805, -0.907), (-0.1626, 0.5528, -0.8173), (-0, 0.5528, -0.8333), (-0, 0.3805, -0.9248), (-0.0757, -0.9217, -0.3804), (-0.1092, -0.8286, -0.549), (-0, -0.8286, -0.5598), (-0, -0.9217, -0.3879), (-0.1914, 0.1939, -0.9622), (-0.1804, 0.3805, -0.907), (-0, 0.3805, -0.9248), (-0, 0.1939, -0.981)]
        point3f[] points = [(0, 0.19509, 1.430491), (0, 0.382683, 1.487397), (0.18024, 0.382683, 1.5051479), (0.191342, 0.19509, 1.449336), (0, -0.980785, 2.216186), (0, -0.92388, 2.028593), (0.074658, -0.92388, 2.035946), (0.03806, -0.980785, 2.219934), (0, 0, 1.411276), (0, 0.19509, 1.430491), (0.191342, 0.19509, 1.449336), (0.19509, 0, 1.430491), (0, 0.980785, 2.216186), (0, 1, 2.411276), (0.03806, 0.980785, 2.219934), (0, -1, 2.411276), (0, -0.980785, 2.216186), (0.03806, -0.980785, 2.219934), (0, -0.19509, 1.430491), (0, 0, 1.411276), (0.19509, 0, 1.430491), (0.191342, -0.19509, 1.449336), (0, 0.92388, 2.028593), (0, 0.980785, 2.216186), (0.03806, 0.980785, 2.219934), (0.074658, 0.92388, 2.035946), (0, -0.382683, 1.487397), (0, -0.19509, 1.430491), (0.191342, -0.19509, 1.449336), (0.18024, -0.382683, 1.5051479), (0, 0.83147, 1.855706), (0, 0.92388, 2.028593), (0.074658, 0.92388, 2.035946), (0.108386, 0.83147, 1.8663809), (0, -0.55557, 1.5798061), (0, -0.382683, 1.487397), (0.18024, -0.382683, 1.5051479), (0.162212, -0.55557, 1.595783), (0, 0.707107, 1.704169), (0, 0.83147, 1.855706), (0.108386, 0.83147, 1.8663809), (0.13795, 0.707107, 1.717756), (0, -0.707107, 1.704169), (0, -0.55557, 1.5798061), (0.162212, -0.55557, 1.595783), (0.13795, -0.707107, 1.717756), (0, 0.55557, 1.5798061), (0, 0.707107, 1.704169), (0.13795, 0.707107, 1.717756), (0.162212, 0.55557, 1.595783), (0, -0.83147, 1.855706), (0, -0.707107, 1.704169), (0.13795, -0.707107, 1.717756), (0.108386, -0.83147, 1.8663809), (0, 0.382683, 1.487397), (0, 0.55557, 1.5798061), (0.162212, 0.55557, 1.595783), (0.18024, 0.382683, 1.5051479), (0, -0.92388, 2.028593), (0, -0.83147, 1.855706), (0.108386, -0.83147, 1.8663809), (0.074658, -0.92388, 2.035946), (0.108386, -0.83147, 1.8663809), (0.13795, -0.707107, 1.717756), (0.270598, -0.707107, 1.7579939), (0.212608, -0.83147, 1.897996), (0.18024, 0.382683, 1.5051479), (0.162212, 0.55557, 1.595783), (0.31819, 0.55557, 1.643098), (0.353553, 0.382683, 1.557723), (0.074658, -0.92388, 2.035946), (0.108386, -0.83147, 1.8663809), (0.212608, -0.83147, 1.897996), (0.146447, -0.92388, 2.057723), (0.191342, 0.19509, 1.449336), (0.18024, 0.382683, 1.5051479), (0.353553, 0.382683, 1.557723), (0.37533, 0.19509, 1.5051479), (0.03806, -0.980785, 2.219934), (0.074658, -0.92388, 2.035946), (0.146447, -0.92388, 2.057723), (0.074658, -0.980785, 2.231036), (0.19509, 0, 1.430491), (0.191342, 0.19509, 1.449336), (0.37533, 0.19509, 1.5051479), (0.382683, 0, 1.487396), (0.03806, 0.980785, 2.219934), (0, 1, 2.411276), (0.074658, 0.980785, 2.231036), (0, -1, 2.411276), (0.03806, -0.980785, 2.219934), (0.074658, -0.980785, 2.231036), (0.191342, -0.19509, 1.449336), (0.19509, 0, 1.430491), (0.382683, 0, 1.487396), (0.37533, -0.19509, 1.5051479), (0.074658, 0.92388, 2.035946), (0.03806, 0.980785, 2.219934), (0.074658, 0.980785, 2.231036), (0.146447, 0.92388, 2.057723), (0.18024, -0.382683, 1.5051479), (0.191342, -0.19509, 1.449336), (0.37533, -0.19509, 1.5051479), (0.353553, -0.382683, 1.557723), (0.108386, 0.83147, 1.8663809), (0.074658, 0.92388, 2.035946), (0.146447, 0.92388, 2.057723), (0.212608, 0.83147, 1.897996), (0.162212, -0.55557, 1.595783), (0.18024, -0.382683, 1.5051479), (0.353553, -0.382683, 1.557723), (0.31819, -0.55557, 1.643098), (0.13795, 0.707107, 1.717756), (0.108386, 0.83147, 1.8663809), (0.212608, 0.83147, 1.897996), (0.270598, 0.707107, 1.7579939), (0.13795, -0.707107, 1.717756), (0.162212, -0.55557, 1.595783), (0.31819, -0.55557, 1.643098), (0.270598, -0.707107, 1.7579939), (0.162212, 0.55557, 1.595783), (0.13795, 0.707107, 1.717756), (0.270598, 0.707107, 1.7579939), (0.31819, 0.55557, 1.643098), (0.353553, -0.382683, 1.557723), (0.37533, -0.19509, 1.5051479), (0.544895, -0.19509, 1.595783), (0.51328, -0.382683, 1.643098), (0.212608, 0.83147, 1.897996), (0.146447, 0.92388, 2.057723), (0.212608, 0.92388, 2.093086), (0.308658, 0.83147, 1.949336), (0.31819, -0.55557, 1.643098), (0.353553, -0.382683, 1.557723), (0.51328, -0.382683, 1.643098), (0.46194, -0.55557, 1.719934), (0.270598, 0.707107, 1.7579939), (0.212608, 0.83147, 1.897996), (0.308658, 0.83147, 1.949336), (0.392847, 0.707107, 1.823338), (0.270598, -0.707107, 1.7579939), (0.31819, -0.55557, 1.643098), (0.46194, -0.55557, 1.719934), (0.392847, -0.707107, 1.823338), (0.31819, 0.55557, 1.643098), (0.270598, 0.707107, 1.7579939), (0.392847, 0.707107, 1.823338), (0.46194, 0.55557, 1.719934), (0.212608, -0.83147, 1.897996), (0.270598, -0.707107, 1.7579939), (0.392847, -0.707107, 1.823338), (0.308658, -0.83147, 1.949336), (0.353553, 0.382683, 1.557723), (0.31819, 0.55557, 1.643098), (0.46194, 0.55557, 1.719934), (0.51328, 0.382683, 1.643098), (0.146447, -0.92388, 2.057723), (0.212608, -0.83147, 1.897996), (0.308658, -0.83147, 1.949336), (0.212608, -0.92388, 2.093086), (0.37533, 0.19509, 1.5051479), (0.353553, 0.382683, 1.557723), (0.51328, 0.382683, 1.643098), (0.544895, 0.19509, 1.595783), (0.074658, -0.980785, 2.231036), (0.146447, -0.92388, 2.057723), (0.212608, -0.92388, 2.093086), (0.108386, -0.980785, 2.249064), (0.382683, 0, 1.487396), (0.37533, 0.19509, 1.5051479), (0.544895, 0.19509, 1.595783), (0.55557, 0, 1.5798061), (0.074658, 0.980785, 2.231036), (0, 1, 2.411276), (0.108386, 0.980785, 2.249064), (0, -1, 2.411276), (0.074658, -0.980785, 2.231036), (0.108386, -0.980785, 2.249064), (0.37533, -0.19509, 1.5051479), (0.382683, 0, 1.487396), (0.55557, 0, 1.5798061), (0.544895, -0.19509, 1.595783), (0.146447, 0.92388, 2.057723), (0.074658, 0.980785, 2.231036), (0.108386, 0.980785, 2.249064), (0.212608, 0.92388, 2.093086), (0.212608, -0.92388, 2.093086), (0.308658, -0.83147, 1.949336), (0.392847, -0.83147, 2.018429), (0.270598, -0.92388, 2.140678), (0.544895, 0.19509, 1.595783), (0.51328, 0.382683, 1.643098), (0.653281, 0.382683, 1.7579939), (0.69352, 0.19509, 1.717756), (0.108386, -0.980785, 2.249064), (0.212608, -0.92388, 2.093086), (0.270598, -0.92388, 2.140678), (0.13795, -0.980785, 2.273326), (0.55557, 0, 1.5798061), (0.544895, 0.19509, 1.595783), (0.69352, 0.19509, 1.717756), (0.707107, 0, 1.704169), (0.108386, 0.980785, 2.249064), (0, 1, 2.411276), (0.13795, 0.980785, 2.273326), (0, -1, 2.411276), (0.108386, -0.980785, 2.249064), (0.13795, -0.980785, 2.273326), (0.544895, -0.19509, 1.595783), (0.55557, 0, 1.5798061), (0.707107, 0, 1.704169), (0.69352, -0.19509, 1.717756), (0.212608, 0.92388, 2.093086), (0.108386, 0.980785, 2.249064), (0.13795, 0.980785, 2.273326), (0.270598, 0.92388, 2.140678), (0.51328, -0.382683, 1.643098), (0.544895, -0.19509, 1.595783), (0.69352, -0.19509, 1.717756), (0.653281, -0.382683, 1.7579939), (0.308658, 0.83147, 1.949336), (0.212608, 0.92388, 2.093086), (0.270598, 0.92388, 2.140678), (0.392847, 0.83147, 2.018429), (0.46194, -0.55557, 1.719934), (0.51328, -0.382683, 1.643098), (0.653281, -0.382683, 1.7579939), (0.587938, -0.55557, 1.823338), (0.392847, 0.707107, 1.823338), (0.308658, 0.83147, 1.949336), (0.392847, 0.83147, 2.018429), (0.5, 0.707107, 1.911276), (0.392847, -0.707107, 1.823338), (0.46194, -0.55557, 1.719934), (0.587938, -0.55557, 1.823338), (0.5, -0.707107, 1.911276), (0.46194, 0.55557, 1.719934), (0.392847, 0.707107, 1.823338), (0.5, 0.707107, 1.911276), (0.587938, 0.55557, 1.823338), (0.308658, -0.83147, 1.949336), (0.392847, -0.707107, 1.823338), (0.5, -0.707107, 1.911276), (0.392847, -0.83147, 2.018429), (0.51328, 0.382683, 1.643098), (0.46194, 0.55557, 1.719934), (0.587938, 0.55557, 1.823338), (0.653281, 0.382683, 1.7579939), (0.392847, 0.83147, 2.018429), (0.270598, 0.92388, 2.140678), (0.31819, 0.92388, 2.198668), (0.46194, 0.83147, 2.102618), (0.587938, -0.55557, 1.823338), (0.653281, -0.382683, 1.7579939), (0.768178, -0.382683, 1.897996), (0.691342, -0.55557, 1.949336), (0.5, 0.707107, 1.911276), (0.392847, 0.83147, 2.018429), (0.46194, 0.83147, 2.102618), (0.587938, 0.707107, 2.018428), (0.5, -0.707107, 1.911276), (0.587938, -0.55557, 1.823338), (0.691342, -0.55557, 1.949336), (0.587938, -0.707107, 2.018428), (0.587938, 0.55557, 1.823338), (0.5, 0.707107, 1.911276), (0.587938, 0.707107, 2.018428), (0.691342, 0.55557, 1.949336), (0.392847, -0.83147, 2.018429), (0.5, -0.707107, 1.911276), (0.587938, -0.707107, 2.018428), (0.46194, -0.83147, 2.102618), (0.653281, 0.382683, 1.7579939), (0.587938, 0.55557, 1.823338), (0.691342, 0.55557, 1.949336), (0.768178, 0.382683, 1.897996), (0.270598, -0.92388, 2.140678), (0.392847, -0.83147, 2.018429), (0.46194, -0.83147, 2.102618), (0.31819, -0.92388, 2.198668), (0.69352, 0.19509, 1.717756), (0.653281, 0.382683, 1.7579939), (0.768178, 0.382683, 1.897996), (0.815493, 0.19509, 1.8663809), (0.13795, -0.980785, 2.273326), (0.270598, -0.92388, 2.140678), (0.31819, -0.92388, 2.198668), (0.162212, -0.980785, 2.30289), (0.707107, 0, 1.704169), (0.69352, 0.19509, 1.717756), (0.815493, 0.19509, 1.8663809), (0.83147, 0, 1.855706), (0.13795, 0.980785, 2.273326), (0, 1, 2.411276), (0.162212, 0.980785, 2.30289), (0, -1, 2.411276), (0.13795, -0.980785, 2.273326), (0.162212, -0.980785, 2.30289), (0.69352, -0.19509, 1.717756), (0.707107, 0, 1.704169), (0.83147, 0, 1.855706), (0.815493, -0.19509, 1.8663809), (0.270598, 0.92388, 2.140678), (0.13795, 0.980785, 2.273326), (0.162212, 0.980785, 2.30289), (0.31819, 0.92388, 2.198668), (0.653281, -0.382683, 1.7579939), (0.69352, -0.19509, 1.717756), (0.815493, -0.19509, 1.8663809), (0.768178, -0.382683, 1.897996), (0.815493, 0.19509, 1.8663809), (0.768178, 0.382683, 1.897996), (0.853553, 0.382683, 2.057723), (0.906127, 0.19509, 2.035946), (0.162212, -0.980785, 2.30289), (0.31819, -0.92388, 2.198668), (0.353553, -0.92388, 2.264829), (0.18024, -0.980785, 2.336618), (0.83147, 0, 1.855706), (0.815493, 0.19509, 1.8663809), (0.906127, 0.19509, 2.035946), (0.923879, 0, 2.028593), (0.162212, 0.980785, 2.30289), (0, 1, 2.411276), (0.18024, 0.980785, 2.336618), (0, -1, 2.411276), (0.162212, -0.980785, 2.30289), (0.18024, -0.980785, 2.336618), (0.815493, -0.19509, 1.8663809), (0.83147, 0, 1.855706), (0.923879, 0, 2.028593), (0.906127, -0.19509, 2.035946), (0.31819, 0.92388, 2.198668), (0.162212, 0.980785, 2.30289), (0.18024, 0.980785, 2.336618), (0.353553, 0.92388, 2.264829), (0.768178, -0.382683, 1.897996), (0.815493, -0.19509, 1.8663809), (0.906127, -0.19509, 2.035946), (0.853553, -0.382683, 2.057723), (0.46194, 0.83147, 2.102618), (0.31819, 0.92388, 2.198668), (0.353553, 0.92388, 2.264829), (0.51328, 0.83147, 2.198668), (0.691342, -0.55557, 1.949336), (0.768178, -0.382683, 1.897996), (0.853553, -0.382683, 2.057723), (0.768178, -0.55557, 2.093086), (0.587938, 0.707107, 2.018428), (0.46194, 0.83147, 2.102618), (0.51328, 0.83147, 2.198668), (0.653281, 0.707107, 2.140678), (0.587938, -0.707107, 2.018428), (0.691342, -0.55557, 1.949336), (0.768178, -0.55557, 2.093086), (0.653281, -0.707107, 2.140678), (0.691342, 0.55557, 1.949336), (0.587938, 0.707107, 2.018428), (0.653281, 0.707107, 2.140678), (0.768178, 0.55557, 2.093086), (0.46194, -0.83147, 2.102618), (0.587938, -0.707107, 2.018428), (0.653281, -0.707107, 2.140678), (0.51328, -0.83147, 2.198668), (0.768178, 0.382683, 1.897996), (0.691342, 0.55557, 1.949336), (0.768178, 0.55557, 2.093086), (0.853553, 0.382683, 2.057723), (0.31819, -0.92388, 2.198668), (0.46194, -0.83147, 2.102618), (0.51328, -0.83147, 2.198668), (0.353553, -0.92388, 2.264829), (0.768178, -0.55557, 2.093086), (0.853553, -0.382683, 2.057723), (0.906127, -0.382683, 2.231036), (0.815493, -0.55557, 2.249064), (0.653281, 0.707107, 2.140678), (0.51328, 0.83147, 2.198668), (0.544895, 0.83147, 2.30289), (0.69352, 0.707107, 2.273326), (0.653281, -0.707107, 2.140678), (0.768178, -0.55557, 2.093086), (0.815493, -0.55557, 2.249064), (0.69352, -0.707107, 2.273326), (0.768178, 0.55557, 2.093086), (0.653281, 0.707107, 2.140678), (0.69352, 0.707107, 2.273326), (0.815493, 0.55557, 2.249064), (0.51328, -0.83147, 2.198668), (0.653281, -0.707107, 2.140678), (0.69352, -0.707107, 2.273326), (0.544895, -0.83147, 2.30289), (0.853553, 0.382683, 2.057723), (0.768178, 0.55557, 2.093086), (0.815493, 0.55557, 2.249064), (0.906127, 0.382683, 2.231036), (0.353553, -0.92388, 2.264829), (0.51328, -0.83147, 2.198668), (0.544895, -0.83147, 2.30289), (0.37533, -0.92388, 2.336618), (0.906127, 0.19509, 2.035946), (0.853553, 0.382683, 2.057723), (0.906127, 0.382683, 2.231036), (0.96194, 0.19509, 2.219934), (0.18024, -0.980785, 2.336618), (0.353553, -0.92388, 2.264829), (0.37533, -0.92388, 2.336618), (0.191342, -0.980785, 2.373216), (0.923879, 0, 2.028593), (0.906127, 0.19509, 2.035946), (0.96194, 0.19509, 2.219934), (0.980785, 0, 2.216186), (0.18024, 0.980785, 2.336618), (0, 1, 2.411276), (0.191342, 0.980785, 2.373216), (0, -1, 2.411276), (0.18024, -0.980785, 2.336618), (0.191342, -0.980785, 2.373216), (0.906127, -0.19509, 2.035946), (0.923879, 0, 2.028593), (0.980785, 0, 2.216186), (0.96194, -0.19509, 2.219934), (0.353553, 0.92388, 2.264829), (0.18024, 0.980785, 2.336618), (0.191342, 0.980785, 2.373216), (0.37533, 0.92388, 2.336618), (0.853553, -0.382683, 2.057723), (0.906127, -0.19509, 2.035946), (0.96194, -0.19509, 2.219934), (0.906127, -0.382683, 2.231036), (0.51328, 0.83147, 2.198668), (0.353553, 0.92388, 2.264829), (0.37533, 0.92388, 2.336618), (0.544895, 0.83147, 2.30289), (0.191342, -0.980785, 2.373216), (0.37533, -0.92388, 2.336618), (0.382683, -0.92388, 2.411276), (0.19509, -0.980785, 2.411276), (0.980785, 0, 2.216186), (0.96194, 0.19509, 2.219934), (0.980785, 0.19509, 2.411276), (1, 0, 2.411276), (0.191342, 0.980785, 2.373216), (0, 1, 2.411276), (0.19509, 0.980785, 2.411276), (0, -1, 2.411276), (0.191342, -0.980785, 2.373216), (0.19509, -0.980785, 2.411276), (0.96194, -0.19509, 2.219934), (0.980785, 0, 2.216186), (1, 0, 2.411276), (0.980785, -0.19509, 2.411276), (0.37533, 0.92388, 2.336618), (0.191342, 0.980785, 2.373216), (0.19509, 0.980785, 2.411276), (0.382683, 0.92388, 2.411276), (0.906127, -0.382683, 2.231036), (0.96194, -0.19509, 2.219934), (0.980785, -0.19509, 2.411276), (0.923879, -0.382683, 2.411276), (0.544895, 0.83147, 2.30289), (0.37533, 0.92388, 2.336618), (0.382683, 0.92388, 2.411276), (0.55557, 0.83147, 2.411276), (0.815493, -0.55557, 2.249064), (0.906127, -0.382683, 2.231036), (0.923879, -0.382683, 2.411276), (0.831469, -0.55557, 2.411276), (0.69352, 0.707107, 2.273326), (0.544895, 0.83147, 2.30289), (0.55557, 0.83147, 2.411276), (0.707107, 0.707107, 2.411276), (0.69352, -0.707107, 2.273326), (0.815493, -0.55557, 2.249064), (0.831469, -0.55557, 2.411276), (0.707107, -0.707107, 2.411276), (0.815493, 0.55557, 2.249064), (0.69352, 0.707107, 2.273326), (0.707107, 0.707107, 2.411276), (0.831469, 0.55557, 2.411276), (0.544895, -0.83147, 2.30289), (0.69352, -0.707107, 2.273326), (0.707107, -0.707107, 2.411276), (0.55557, -0.83147, 2.411276), (0.906127, 0.382683, 2.231036), (0.815493, 0.55557, 2.249064), (0.831469, 0.55557, 2.411276), (0.923879, 0.382683, 2.411276), (0.37533, -0.92388, 2.336618), (0.544895, -0.83147, 2.30289), (0.55557, -0.83147, 2.411276), (0.382683, -0.92388, 2.411276), (0.96194, 0.19509, 2.219934), (0.906127, 0.382683, 2.231036), (0.923879, 0.382683, 2.411276), (0.980785, 0.19509, 2.411276), (0.707107, 0.707107, 2.411276), (0.55557, 0.83147, 2.411276), (0.544895, 0.83147, 2.519662), (0.69352, 0.707107, 2.549226), (0.707107, -0.707107, 2.411276), (0.831469, -0.55557, 2.411276), (0.815493, -0.55557, 2.573488), (0.69352, -0.707107, 2.549226), (0.831469, 0.55557, 2.411276), (0.707107, 0.707107, 2.411276), (0.69352, 0.707107, 2.549226), (0.815493, 0.55557, 2.573488), (0.55557, -0.83147, 2.411276), (0.707107, -0.707107, 2.411276), (0.69352, -0.707107, 2.549226), (0.544895, -0.83147, 2.519662), (0.923879, 0.382683, 2.411276), (0.831469, 0.55557, 2.411276), (0.815493, 0.55557, 2.573488), (0.906127, 0.382683, 2.591516), (0.382683, -0.92388, 2.411276), (0.55557, -0.83147, 2.411276), (0.544895, -0.83147, 2.519662), (0.37533, -0.92388, 2.485934), (0.980785, 0.19509, 2.411276), (0.923879, 0.382683, 2.411276), (0.906127, 0.382683, 2.591516), (0.96194, 0.19509, 2.602618), (0.19509, -0.980785, 2.411276), (0.382683, -0.92388, 2.411276), (0.37533, -0.92388, 2.485934), (0.191342, -0.980785, 2.449336), (1, 0, 2.411276), (0.980785, 0.19509, 2.411276), (0.96194, 0.19509, 2.602618), (0.980785, 0, 2.606366), (0.19509, 0.980785, 2.411276), (0, 1, 2.411276), (0.191342, 0.980785, 2.449336), (0, -1, 2.411276), (0.19509, -0.980785, 2.411276), (0.191342, -0.980785, 2.449336), (0.980785, -0.19509, 2.411276), (1, 0, 2.411276), (0.980785, 0, 2.606366), (0.96194, -0.19509, 2.602618), (0.382683, 0.92388, 2.411276), (0.19509, 0.980785, 2.411276), (0.191342, 0.980785, 2.449336), (0.37533, 0.92388, 2.485934), (0.923879, -0.382683, 2.411276), (0.980785, -0.19509, 2.411276), (0.96194, -0.19509, 2.602618), (0.906127, -0.382683, 2.591516), (0.55557, 0.83147, 2.411276), (0.382683, 0.92388, 2.411276), (0.37533, 0.92388, 2.485934), (0.544895, 0.83147, 2.519662), (0.831469, -0.55557, 2.411276), (0.923879, -0.382683, 2.411276), (0.906127, -0.382683, 2.591516), (0.815493, -0.55557, 2.573488), (0.980785, 0, 2.606366), (0.96194, 0.19509, 2.602618), (0.906127, 0.19509, 2.786606), (0.923879, 0, 2.7939591), (0.191342, 0.980785, 2.449336), (0, 1, 2.411276), (0.18024, 0.980785, 2.485934), (0, -1, 2.411276), (0.191342, -0.980785, 2.449336), (0.18024, -0.980785, 2.485934), (0.96194, -0.19509, 2.602618), (0.980785, 0, 2.606366), (0.923879, 0, 2.7939591), (0.906127, -0.19509, 2.786606), (0.37533, 0.92388, 2.485934), (0.191342, 0.980785, 2.449336), (0.18024, 0.980785, 2.485934), (0.353553, 0.92388, 2.557723), (0.906127, -0.382683, 2.591516), (0.96194, -0.19509, 2.602618), (0.906127, -0.19509, 2.786606), (0.853553, -0.382683, 2.764829), (0.544895, 0.83147, 2.519662), (0.37533, 0.92388, 2.485934), (0.353553, 0.92388, 2.557723), (0.51328, 0.83147, 2.623883), (0.815493, -0.55557, 2.573488), (0.906127, -0.382683, 2.591516), (0.853553, -0.382683, 2.764829), (0.768178, -0.55557, 2.729465), (0.69352, 0.707107, 2.549226), (0.544895, 0.83147, 2.519662), (0.51328, 0.83147, 2.623883), (0.653281, 0.707107, 2.681874), (0.69352, -0.707107, 2.549226), (0.815493, -0.55557, 2.573488), (0.768178, -0.55557, 2.729465), (0.653281, -0.707107, 2.681874), (0.815493, 0.55557, 2.573488), (0.69352, 0.707107, 2.549226), (0.653281, 0.707107, 2.681874), (0.768178, 0.55557, 2.729465), (0.544895, -0.83147, 2.519662), (0.69352, -0.707107, 2.549226), (0.653281, -0.707107, 2.681874), (0.51328, -0.83147, 2.623883), (0.906127, 0.382683, 2.591516), (0.815493, 0.55557, 2.573488), (0.768178, 0.55557, 2.729465), (0.853553, 0.382683, 2.764829), (0.37533, -0.92388, 2.485934), (0.544895, -0.83147, 2.519662), (0.51328, -0.83147, 2.623883), (0.353553, -0.92388, 2.557723), (0.96194, 0.19509, 2.602618), (0.906127, 0.382683, 2.591516), (0.853553, 0.382683, 2.764829), (0.906127, 0.19509, 2.786606), (0.191342, -0.980785, 2.449336), (0.37533, -0.92388, 2.485934), (0.353553, -0.92388, 2.557723), (0.18024, -0.980785, 2.485934), (0.653281, -0.707107, 2.681874), (0.768178, -0.55557, 2.729465), (0.691341, -0.55557, 2.873216), (0.587938, -0.707107, 2.804123), (0.768178, 0.55557, 2.729465), (0.653281, 0.707107, 2.681874), (0.587938, 0.707107, 2.804123), (0.691341, 0.55557, 2.873216), (0.51328, -0.83147, 2.623883), (0.653281, -0.707107, 2.681874), (0.587938, -0.707107, 2.804123), (0.46194, -0.83147, 2.719934), (0.853553, 0.382683, 2.764829), (0.768178, 0.55557, 2.729465), (0.691341, 0.55557, 2.873216), (0.768178, 0.382683, 2.924556), (0.353553, -0.92388, 2.557723), (0.51328, -0.83147, 2.623883), (0.46194, -0.83147, 2.719934), (0.31819, -0.92388, 2.623883), (0.906127, 0.19509, 2.786606), (0.853553, 0.382683, 2.764829), (0.768178, 0.382683, 2.924556), (0.815493, 0.19509, 2.956171), (0.18024, -0.980785, 2.485934), (0.353553, -0.92388, 2.557723), (0.31819, -0.92388, 2.623883), (0.162212, -0.980785, 2.519662), (0.923879, 0, 2.7939591), (0.906127, 0.19509, 2.786606), (0.815493, 0.19509, 2.956171), (0.831469, 0, 2.966846), (0.18024, 0.980785, 2.485934), (0, 1, 2.411276), (0.162212, 0.980785, 2.519662), (0, -1, 2.411276), (0.18024, -0.980785, 2.485934), (0.162212, -0.980785, 2.519662), (0.906127, -0.19509, 2.786606), (0.923879, 0, 2.7939591), (0.831469, 0, 2.966846), (0.815493, -0.19509, 2.956171), (0.353553, 0.92388, 2.557723), (0.18024, 0.980785, 2.485934), (0.162212, 0.980785, 2.519662), (0.31819, 0.92388, 2.623883), (0.853553, -0.382683, 2.764829), (0.906127, -0.19509, 2.786606), (0.815493, -0.19509, 2.956171), (0.768178, -0.382683, 2.924556), (0.51328, 0.83147, 2.623883), (0.353553, 0.92388, 2.557723), (0.31819, 0.92388, 2.623883), (0.46194, 0.83147, 2.719934), (0.768178, -0.55557, 2.729465), (0.853553, -0.382683, 2.764829), (0.768178, -0.382683, 2.924556), (0.691341, -0.55557, 2.873216), (0.653281, 0.707107, 2.681874), (0.51328, 0.83147, 2.623883), (0.46194, 0.83147, 2.719934), (0.587938, 0.707107, 2.804123), (0, -1, 2.411276), (0.162212, -0.980785, 2.519662), (0.13795, -0.980785, 2.549226), (0.815493, -0.19509, 2.956171), (0.831469, 0, 2.966846), (0.707106, 0, 3.118382), (0.69352, -0.19509, 3.104796), (0.31819, 0.92388, 2.623883), (0.162212, 0.980785, 2.519662), (0.13795, 0.980785, 2.549226), (0.270598, 0.92388, 2.681874), (0.768178, -0.382683, 2.924556), (0.815493, -0.19509, 2.956171), (0.69352, -0.19509, 3.104796), (0.653281, -0.382683, 3.064557), (0.46194, 0.83147, 2.719934), (0.31819, 0.92388, 2.623883), (0.270598, 0.92388, 2.681874), (0.392847, 0.83147, 2.804123), (0.691341, -0.55557, 2.873216), (0.768178, -0.382683, 2.924556), (0.653281, -0.382683, 3.064557), (0.587938, -0.55557, 2.999213), (0.587938, 0.707107, 2.804123), (0.46194, 0.83147, 2.719934), (0.392847, 0.83147, 2.804123), (0.5, 0.707107, 2.9112759), (0.587938, -0.707107, 2.804123), (0.691341, -0.55557, 2.873216), (0.587938, -0.55557, 2.999213), (0.5, -0.707107, 2.9112759), (0.691341, 0.55557, 2.873216), (0.587938, 0.707107, 2.804123), (0.5, 0.707107, 2.9112759), (0.587938, 0.55557, 2.999213), (0.46194, -0.83147, 2.719934), (0.587938, -0.707107, 2.804123), (0.5, -0.707107, 2.9112759), (0.392847, -0.83147, 2.804123), (0.768178, 0.382683, 2.924556), (0.691341, 0.55557, 2.873216), (0.587938, 0.55557, 2.999213), (0.653281, 0.382683, 3.064557), (0.31819, -0.92388, 2.623883), (0.46194, -0.83147, 2.719934), (0.392847, -0.83147, 2.804123), (0.270598, -0.92388, 2.681874), (0.815493, 0.19509, 2.956171), (0.768178, 0.382683, 2.924556), (0.653281, 0.382683, 3.064557), (0.69352, 0.19509, 3.104796), (0.162212, -0.980785, 2.519662), (0.31819, -0.92388, 2.623883), (0.270598, -0.92388, 2.681874), (0.13795, -0.980785, 2.549226), (0.831469, 0, 2.966846), (0.815493, 0.19509, 2.956171), (0.69352, 0.19509, 3.104796), (0.707106, 0, 3.118382), (0.162212, 0.980785, 2.519662), (0, 1, 2.411276), (0.13795, 0.980785, 2.549226), (0.392847, -0.83147, 2.804123), (0.5, -0.707107, 2.9112759), (0.392847, -0.707107, 2.999214), (0.308658, -0.83147, 2.873215), (0.653281, 0.382683, 3.064557), (0.587938, 0.55557, 2.999213), (0.46194, 0.55557, 3.102617), (0.51328, 0.382683, 3.179453), (0.270598, -0.92388, 2.681874), (0.392847, -0.83147, 2.804123), (0.308658, -0.83147, 2.873215), (0.212607, -0.92388, 2.729465), (0.69352, 0.19509, 3.104796), (0.653281, 0.382683, 3.064557), (0.51328, 0.382683, 3.179453), (0.544895, 0.19509, 3.226769), (0.13795, -0.980785, 2.549226), (0.270598, -0.92388, 2.681874), (0.212607, -0.92388, 2.729465), (0.108386, -0.980785, 2.573488), (0.707106, 0, 3.118382), (0.69352, 0.19509, 3.104796), (0.544895, 0.19509, 3.226769), (0.55557, 0, 3.242745), (0.13795, 0.980785, 2.549226), (0, 1, 2.411276), (0.108386, 0.980785, 2.573488), (0, -1, 2.411276), (0.13795, -0.980785, 2.549226), (0.108386, -0.980785, 2.573488), (0.69352, -0.19509, 3.104796), (0.707106, 0, 3.118382), (0.55557, 0, 3.242745), (0.544895, -0.19509, 3.226769), (0.270598, 0.92388, 2.681874), (0.13795, 0.980785, 2.549226), (0.108386, 0.980785, 2.573488), (0.212607, 0.92388, 2.729465), (0.653281, -0.382683, 3.064557), (0.69352, -0.19509, 3.104796), (0.544895, -0.19509, 3.226769), (0.51328, -0.382683, 3.179453), (0.392847, 0.83147, 2.804123), (0.270598, 0.92388, 2.681874), (0.212607, 0.92388, 2.729465), (0.308658, 0.83147, 2.873215), (0.587938, -0.55557, 2.999213), (0.653281, -0.382683, 3.064557), (0.51328, -0.382683, 3.179453), (0.46194, -0.55557, 3.102617), (0.5, 0.707107, 2.9112759), (0.392847, 0.83147, 2.804123), (0.308658, 0.83147, 2.873215), (0.392847, 0.707107, 2.999214), (0.5, -0.707107, 2.9112759), (0.587938, -0.55557, 2.999213), (0.46194, -0.55557, 3.102617), (0.392847, -0.707107, 2.999214), (0.587938, 0.55557, 2.999213), (0.5, 0.707107, 2.9112759), (0.392847, 0.707107, 2.999214), (0.46194, 0.55557, 3.102617), (0.212607, 0.92388, 2.729465), (0.108386, 0.980785, 2.573488), (0.074658, 0.980785, 2.591516), (0.146447, 0.92388, 2.764829), (0.51328, -0.382683, 3.179453), (0.544895, -0.19509, 3.226769), (0.37533, -0.19509, 3.317403), (0.353553, -0.382683, 3.264829), (0.308658, 0.83147, 2.873215), (0.212607, 0.92388, 2.729465), (0.146447, 0.92388, 2.764829), (0.212607, 0.83147, 2.924556), (0.46194, -0.55557, 3.102617), (0.51328, -0.382683, 3.179453), (0.353553, -0.382683, 3.264829), (0.318189, -0.55557, 3.179453), (0.392847, 0.707107, 2.999214), (0.308658, 0.83147, 2.873215), (0.212607, 0.83147, 2.924556), (0.270598, 0.707107, 3.064557), (0.392847, -0.707107, 2.999214), (0.46194, -0.55557, 3.102617), (0.318189, -0.55557, 3.179453), (0.270598, -0.707107, 3.064557), (0.46194, 0.55557, 3.102617), (0.392847, 0.707107, 2.999214), (0.270598, 0.707107, 3.064557), (0.318189, 0.55557, 3.179453), (0.308658, -0.83147, 2.873215), (0.392847, -0.707107, 2.999214), (0.270598, -0.707107, 3.064557), (0.212607, -0.83147, 2.924556), (0.51328, 0.382683, 3.179453), (0.46194, 0.55557, 3.102617), (0.318189, 0.55557, 3.179453), (0.353553, 0.382683, 3.264829), (0.212607, -0.92388, 2.729465), (0.308658, -0.83147, 2.873215), (0.212607, -0.83147, 2.924556), (0.146447, -0.92388, 2.764829), (0.544895, 0.19509, 3.226769), (0.51328, 0.382683, 3.179453), (0.353553, 0.382683, 3.264829), (0.37533, 0.19509, 3.317403), (0.108386, -0.980785, 2.573488), (0.212607, -0.92388, 2.729465), (0.146447, -0.92388, 2.764829), (0.074658, -0.980785, 2.591516), (0.55557, 0, 3.242745), (0.544895, 0.19509, 3.226769), (0.37533, 0.19509, 3.317403), (0.382683, 0, 3.335155), (0.108386, 0.980785, 2.573488), (0, 1, 2.411276), (0.074658, 0.980785, 2.591516), (0, -1, 2.411276), (0.108386, -0.980785, 2.573488), (0.074658, -0.980785, 2.591516), (0.544895, -0.19509, 3.226769), (0.55557, 0, 3.242745), (0.382683, 0, 3.335155), (0.37533, -0.19509, 3.317403), (0.353553, 0.382683, 3.264829), (0.318189, 0.55557, 3.179453), (0.162212, 0.55557, 3.226769), (0.18024, 0.382683, 3.317403), (0.146447, -0.92388, 2.764829), (0.212607, -0.83147, 2.924556), (0.108386, -0.83147, 2.956171), (0.074658, -0.92388, 2.786606), (0.37533, 0.19509, 3.317403), (0.353553, 0.382683, 3.264829), (0.18024, 0.382683, 3.317403), (0.191342, 0.19509, 3.373215), (0.074658, -0.980785, 2.591516), (0.146447, -0.92388, 2.764829), (0.074658, -0.92388, 2.786606), (0.03806, -0.980785, 2.602618), (0.382683, 0, 3.335155), (0.37533, 0.19509, 3.317403), (0.191342, 0.19509, 3.373215), (0.19509, 0, 3.392061), (0.074658, 0.980785, 2.591516), (0, 1, 2.411276), (0.03806, 0.980785, 2.602618), (0, -1, 2.411276), (0.074658, -0.980785, 2.591516), (0.03806, -0.980785, 2.602618), (0.37533, -0.19509, 3.317403), (0.382683, 0, 3.335155), (0.19509, 0, 3.392061), (0.191342, -0.19509, 3.373215), (0.146447, 0.92388, 2.764829), (0.074658, 0.980785, 2.591516), (0.03806, 0.980785, 2.602618), (0.074658, 0.92388, 2.786606), (0.353553, -0.382683, 3.264829), (0.37533, -0.19509, 3.317403), (0.191342, -0.19509, 3.373215), (0.18024, -0.382683, 3.317403), (0.212607, 0.83147, 2.924556), (0.146447, 0.92388, 2.764829), (0.074658, 0.92388, 2.786606), (0.108386, 0.83147, 2.956171), (0.318189, -0.55557, 3.179453), (0.353553, -0.382683, 3.264829), (0.18024, -0.382683, 3.317403), (0.162212, -0.55557, 3.226769), (0.270598, 0.707107, 3.064557), (0.212607, 0.83147, 2.924556), (0.108386, 0.83147, 2.956171), (0.13795, 0.707107, 3.104796), (0.270598, -0.707107, 3.064557), (0.318189, -0.55557, 3.179453), (0.162212, -0.55557, 3.226769), (0.13795, -0.707107, 3.104796), (0.318189, 0.55557, 3.179453), (0.270598, 0.707107, 3.064557), (0.13795, 0.707107, 3.104796), (0.162212, 0.55557, 3.226769), (0.212607, -0.83147, 2.924556), (0.270598, -0.707107, 3.064557), (0.13795, -0.707107, 3.104796), (0.108386, -0.83147, 2.956171), (0.18024, -0.382683, 3.317403), (0.191342, -0.19509, 3.373215), (-0, -0.19509, 3.392061), (0, -0.382683, 3.335155), (0.108386, 0.83147, 2.956171), (0.074658, 0.92388, 2.786606), (-0, 0.92388, 2.7939591), (-0, 0.83147, 2.966846), (0.162212, -0.55557, 3.226769), (0.18024, -0.382683, 3.317403), (0, -0.382683, 3.335155), (-0, -0.55557, 3.242745), (0.13795, 0.707107, 3.104796), (0.108386, 0.83147, 2.956171), (-0, 0.83147, 2.966846), (-0, 0.707107, 3.118382), (0.13795, -0.707107, 3.104796), (0.162212, -0.55557, 3.226769), (-0, -0.55557, 3.242745), (-0, -0.707107, 3.118382), (0.162212, 0.55557, 3.226769), (0.13795, 0.707107, 3.104796), (-0, 0.707107, 3.118382), (-0, 0.55557, 3.242745), (0.108386, -0.83147, 2.956171), (0.13795, -0.707107, 3.104796), (-0, -0.707107, 3.118382), (-0, -0.83147, 2.966846), (0.18024, 0.382683, 3.317403), (0.162212, 0.55557, 3.226769), (-0, 0.55557, 3.242745), (0, 0.382683, 3.335155), (0.074658, -0.92388, 2.786606), (0.108386, -0.83147, 2.956171), (-0, -0.83147, 2.966846), (-0, -0.92388, 2.7939591), (0.191342, 0.19509, 3.373215), (0.18024, 0.382683, 3.317403), (0, 0.382683, 3.335155), (-0, 0.19509, 3.392061), (0.03806, -0.980785, 2.602618), (0.074658, -0.92388, 2.786606), (-0, -0.92388, 2.7939591), (-0, -0.980785, 2.606366), (0.19509, 0, 3.392061), (0.191342, 0.19509, 3.373215), (-0, 0.19509, 3.392061), (-0, 0, 3.411275), (0.03806, 0.980785, 2.602618), (0, 1, 2.411276), (-0, 0.980785, 2.606366), (0, -1, 2.411276), (0.03806, -0.980785, 2.602618), (-0, -0.980785, 2.606366), (0.191342, -0.19509, 3.373215), (0.19509, 0, 3.392061), (-0, 0, 3.411275), (-0, -0.19509, 3.392061), (0.074658, 0.92388, 2.786606), (0.03806, 0.980785, 2.602618), (-0, 0.980785, 2.606366), (-0, 0.92388, 2.7939591), (-0, -0.92388, 2.7939591), (-0, -0.83147, 2.966846), (-0.108386, -0.83147, 2.956171), (-0.074658, -0.92388, 2.786606), (-0, 0.19509, 3.392061), (0, 0.382683, 3.335155), (-0.18024, 0.382683, 3.317403), (-0.191342, 0.19509, 3.373215), (-0, -0.980785, 2.606366), (-0, -0.92388, 2.7939591), (-0.074658, -0.92388, 2.786606), (-0.03806, -0.980785, 2.602618), (-0, 0, 3.411275), (-0, 0.19509, 3.392061), (-0.191342, 0.19509, 3.373215), (-0.195091, 0, 3.39206), (-0, 0.980785, 2.606366), (0, 1, 2.411276), (-0.03806, 0.980785, 2.602618), (0, -1, 2.411276), (-0, -0.980785, 2.606366), (-0.03806, -0.980785, 2.602618), (-0, -0.19509, 3.392061), (-0, 0, 3.411275), (-0.195091, 0, 3.39206), (-0.191342, -0.19509, 3.373215), (-0, 0.92388, 2.7939591), (-0, 0.980785, 2.606366), (-0.03806, 0.980785, 2.602618), (-0.074658, 0.92388, 2.786606), (0, -0.382683, 3.335155), (-0, -0.19509, 3.392061), (-0.191342, -0.19509, 3.373215), (-0.18024, -0.382683, 3.317403), (-0, 0.83147, 2.966846), (-0, 0.92388, 2.7939591), (-0.074658, 0.92388, 2.786606), (-0.108386, 0.83147, 2.956171), (-0, -0.55557, 3.242745), (0, -0.382683, 3.335155), (-0.18024, -0.382683, 3.317403), (-0.162212, -0.55557, 3.226769), (-0, 0.707107, 3.118382), (-0, 0.83147, 2.966846), (-0.108386, 0.83147, 2.956171), (-0.13795, 0.707107, 3.104796), (-0, -0.707107, 3.118382), (-0, -0.55557, 3.242745), (-0.162212, -0.55557, 3.226769), (-0.13795, -0.707107, 3.104796), (-0, 0.55557, 3.242745), (-0, 0.707107, 3.118382), (-0.13795, 0.707107, 3.104796), (-0.162212, 0.55557, 3.226769), (-0, -0.83147, 2.966846), (-0, -0.707107, 3.118382), (-0.13795, -0.707107, 3.104796), (-0.108386, -0.83147, 2.956171), (0, 0.382683, 3.335155), (-0, 0.55557, 3.242745), (-0.162212, 0.55557, 3.226769), (-0.18024, 0.382683, 3.317403), (-0.108386, 0.83147, 2.956171), (-0.074658, 0.92388, 2.786606), (-0.146447, 0.92388, 2.764829), (-0.212608, 0.83147, 2.924556), (-0.162212, -0.55557, 3.226769), (-0.18024, -0.382683, 3.317403), (-0.353553, -0.382683, 3.264829), (-0.31819, -0.55557, 3.179453), (-0.13795, 0.707107, 3.104796), (-0.108386, 0.83147, 2.956171), (-0.212608, 0.83147, 2.924556), (-0.270598, 0.707107, 3.064557), (-0.13795, -0.707107, 3.104796), (-0.162212, -0.55557, 3.226769), (-0.31819, -0.55557, 3.179453), (-0.270598, -0.707107, 3.064557), (-0.162212, 0.55557, 3.226769), (-0.13795, 0.707107, 3.104796), (-0.270598, 0.707107, 3.064557), (-0.31819, 0.55557, 3.179453), (-0.108386, -0.83147, 2.956171), (-0.13795, -0.707107, 3.104796), (-0.270598, -0.707107, 3.064557), (-0.212608, -0.83147, 2.924556), (-0.18024, 0.382683, 3.317403), (-0.162212, 0.55557, 3.226769), (-0.31819, 0.55557, 3.179453), (-0.353553, 0.382683, 3.264829), (-0.074658, -0.92388, 2.786606), (-0.108386, -0.83147, 2.956171), (-0.212608, -0.83147, 2.924556), (-0.146447, -0.92388, 2.764829), (-0.191342, 0.19509, 3.373215), (-0.18024, 0.382683, 3.317403), (-0.353553, 0.382683, 3.264829), (-0.37533, 0.19509, 3.317403), (-0.03806, -0.980785, 2.602618), (-0.074658, -0.92388, 2.786606), (-0.146447, -0.92388, 2.764829), (-0.074658, -0.980785, 2.591516), (-0.195091, 0, 3.39206), (-0.191342, 0.19509, 3.373215), (-0.37533, 0.19509, 3.317403), (-0.382683, 0, 3.335155), (-0.03806, 0.980785, 2.602618), (0, 1, 2.411276), (-0.074658, 0.980785, 2.591516), (0, -1, 2.411276), (-0.03806, -0.980785, 2.602618), (-0.074658, -0.980785, 2.591516), (-0.191342, -0.19509, 3.373215), (-0.195091, 0, 3.39206), (-0.382683, 0, 3.335155), (-0.37533, -0.19509, 3.317403), (-0.074658, 0.92388, 2.786606), (-0.03806, 0.980785, 2.602618), (-0.074658, 0.980785, 2.591516), (-0.146447, 0.92388, 2.764829), (-0.18024, -0.382683, 3.317403), (-0.191342, -0.19509, 3.373215), (-0.37533, -0.19509, 3.317403), (-0.353553, -0.382683, 3.264829), (-0.37533, 0.19509, 3.317403), (-0.353553, 0.382683, 3.264829), (-0.51328, 0.382683, 3.179453), (-0.544895, 0.19509, 3.226768), (-0.074658, -0.980785, 2.591516), (-0.146447, -0.92388, 2.764829), (-0.212608, -0.92388, 2.729465), (-0.108386, -0.980785, 2.573488), (-0.382683, 0, 3.335155), (-0.37533, 0.19509, 3.317403), (-0.544895, 0.19509, 3.226768), (-0.55557, 0, 3.242745), (-0.074658, 0.980785, 2.591516), (0, 1, 2.411276), (-0.108386, 0.980785, 2.573488), (0, -1, 2.411276), (-0.074658, -0.980785, 2.591516), (-0.108386, -0.980785, 2.573488), (-0.37533, -0.19509, 3.317403), (-0.382683, 0, 3.335155), (-0.55557, 0, 3.242745), (-0.544895, -0.19509, 3.226768), (-0.146447, 0.92388, 2.764829), (-0.074658, 0.980785, 2.591516), (-0.108386, 0.980785, 2.573488), (-0.212608, 0.92388, 2.729465), (-0.353553, -0.382683, 3.264829), (-0.37533, -0.19509, 3.317403), (-0.544895, -0.19509, 3.226768), (-0.51328, -0.382683, 3.179453), (-0.212608, 0.83147, 2.924556), (-0.146447, 0.92388, 2.764829), (-0.212608, 0.92388, 2.729465), (-0.308658, 0.83147, 2.873215), (-0.31819, -0.55557, 3.179453), (-0.353553, -0.382683, 3.264829), (-0.51328, -0.382683, 3.179453), (-0.46194, -0.55557, 3.102617), (-0.270598, 0.707107, 3.064557), (-0.212608, 0.83147, 2.924556), (-0.308658, 0.83147, 2.873215), (-0.392847, 0.707107, 2.999213), (-0.270598, -0.707107, 3.064557), (-0.31819, -0.55557, 3.179453), (-0.46194, -0.55557, 3.102617), (-0.392847, -0.707107, 2.999213), (-0.31819, 0.55557, 3.179453), (-0.270598, 0.707107, 3.064557), (-0.392847, 0.707107, 2.999213), (-0.46194, 0.55557, 3.102617), (-0.212608, -0.83147, 2.924556), (-0.270598, -0.707107, 3.064557), (-0.392847, -0.707107, 2.999213), (-0.308658, -0.83147, 2.873215), (-0.353553, 0.382683, 3.264829), (-0.31819, 0.55557, 3.179453), (-0.46194, 0.55557, 3.102617), (-0.51328, 0.382683, 3.179453), (-0.146447, -0.92388, 2.764829), (-0.212608, -0.83147, 2.924556), (-0.308658, -0.83147, 2.873215), (-0.212608, -0.92388, 2.729465), (-0.46194, -0.55557, 3.102617), (-0.51328, -0.382683, 3.179453), (-0.653281, -0.382683, 3.064557), (-0.587938, -0.55557, 2.999213), (-0.392847, 0.707107, 2.999213), (-0.308658, 0.83147, 2.873215), (-0.392847, 0.83147, 2.804123), (-0.5, 0.707107, 2.9112759), (-0.392847, -0.707107, 2.999213), (-0.46194, -0.55557, 3.102617), (-0.587938, -0.55557, 2.999213), (-0.5, -0.707107, 2.9112759), (-0.46194, 0.55557, 3.102617), (-0.392847, 0.707107, 2.999213), (-0.5, 0.707107, 2.9112759), (-0.587938, 0.55557, 2.999213), (-0.308658, -0.83147, 2.873215), (-0.392847, -0.707107, 2.999213), (-0.5, -0.707107, 2.9112759), (-0.392847, -0.83147, 2.804123), (-0.51328, 0.382683, 3.179453), (-0.46194, 0.55557, 3.102617), (-0.587938, 0.55557, 2.999213), (-0.653281, 0.382683, 3.064557), (-0.212608, -0.92388, 2.729465), (-0.308658, -0.83147, 2.873215), (-0.392847, -0.83147, 2.804123), (-0.270598, -0.92388, 2.681874), (-0.544895, 0.19509, 3.226768), (-0.51328, 0.382683, 3.179453), (-0.653281, 0.382683, 3.064557), (-0.69352, 0.19509, 3.104795), (-0.108386, -0.980785, 2.573488), (-0.212608, -0.92388, 2.729465), (-0.270598, -0.92388, 2.681874), (-0.13795, -0.980785, 2.5492249), (-0.55557, 0, 3.242745), (-0.544895, 0.19509, 3.226768), (-0.69352, 0.19509, 3.104795), (-0.707106, 0, 3.118382), (-0.108386, 0.980785, 2.573488), (0, 1, 2.411276), (-0.13795, 0.980785, 2.5492249), (0, -1, 2.411276), (-0.108386, -0.980785, 2.573488), (-0.13795, -0.980785, 2.5492249), (-0.544895, -0.19509, 3.226768), (-0.55557, 0, 3.242745), (-0.707106, 0, 3.118382), (-0.69352, -0.19509, 3.104795), (-0.212608, 0.92388, 2.729465), (-0.108386, 0.980785, 2.573488), (-0.13795, 0.980785, 2.5492249), (-0.270598, 0.92388, 2.681874), (-0.51328, -0.382683, 3.179453), (-0.544895, -0.19509, 3.226768), (-0.69352, -0.19509, 3.104795), (-0.653281, -0.382683, 3.064557), (-0.308658, 0.83147, 2.873215), (-0.212608, 0.92388, 2.729465), (-0.270598, 0.92388, 2.681874), (-0.392847, 0.83147, 2.804123), (-0.13795, -0.980785, 2.5492249), (-0.270598, -0.92388, 2.681874), (-0.31819, -0.92388, 2.623883), (-0.162212, -0.980785, 2.519662), (-0.707106, 0, 3.118382), (-0.69352, 0.19509, 3.104795), (-0.815493, 0.19509, 2.956171), (-0.831469, 0, 2.966845), (-0.13795, 0.980785, 2.5492249), (0, 1, 2.411276), (-0.162212, 0.980785, 2.519662), (0, -1, 2.411276), (-0.13795, -0.980785, 2.5492249), (-0.162212, -0.980785, 2.519662), (-0.69352, -0.19509, 3.104795), (-0.707106, 0, 3.118382), (-0.831469, 0, 2.966845), (-0.815493, -0.19509, 2.956171), (-0.270598, 0.92388, 2.681874), (-0.13795, 0.980785, 2.5492249), (-0.162212, 0.980785, 2.519662), (-0.31819, 0.92388, 2.623883), (-0.653281, -0.382683, 3.064557), (-0.69352, -0.19509, 3.104795), (-0.815493, -0.19509, 2.956171), (-0.768177, -0.382683, 2.924556), (-0.392847, 0.83147, 2.804123), (-0.270598, 0.92388, 2.681874), (-0.31819, 0.92388, 2.623883), (-0.46194, 0.83147, 2.719934), (-0.587938, -0.55557, 2.999213), (-0.653281, -0.382683, 3.064557), (-0.768177, -0.382683, 2.924556), (-0.691341, -0.55557, 2.873215), (-0.5, 0.707107, 2.9112759), (-0.392847, 0.83147, 2.804123), (-0.46194, 0.83147, 2.719934), (-0.587938, 0.707107, 2.804123), (-0.5, -0.707107, 2.9112759), (-0.587938, -0.55557, 2.999213), (-0.691341, -0.55557, 2.873215), (-0.587938, -0.707107, 2.804123), (-0.587938, 0.55557, 2.999213), (-0.5, 0.707107, 2.9112759), (-0.587938, 0.707107, 2.804123), (-0.691341, 0.55557, 2.873215), (-0.392847, -0.83147, 2.804123), (-0.5, -0.707107, 2.9112759), (-0.587938, -0.707107, 2.804123), (-0.46194, -0.83147, 2.719934), (-0.653281, 0.382683, 3.064557), (-0.587938, 0.55557, 2.999213), (-0.691341, 0.55557, 2.873215), (-0.768177, 0.382683, 2.924556), (-0.270598, -0.92388, 2.681874), (-0.392847, -0.83147, 2.804123), (-0.46194, -0.83147, 2.719934), (-0.31819, -0.92388, 2.623883), (-0.69352, 0.19509, 3.104795), (-0.653281, 0.382683, 3.064557), (-0.768177, 0.382683, 2.924556), (-0.815493, 0.19509, 2.956171), (-0.587938, -0.707107, 2.804123), (-0.691341, -0.55557, 2.873215), (-0.768177, -0.55557, 2.729465), (-0.653281, -0.707107, 2.681874), (-0.691341, 0.55557, 2.873215), (-0.587938, 0.707107, 2.804123), (-0.653281, 0.707107, 2.681874), (-0.768177, 0.55557, 2.729465), (-0.46194, -0.83147, 2.719934), (-0.587938, -0.707107, 2.804123), (-0.653281, -0.707107, 2.681874), (-0.51328, -0.83147, 2.623883), (-0.768177, 0.382683, 2.924556), (-0.691341, 0.55557, 2.873215), (-0.768177, 0.55557, 2.729465), (-0.853553, 0.382683, 2.764829), (-0.31819, -0.92388, 2.623883), (-0.46194, -0.83147, 2.719934), (-0.51328, -0.83147, 2.623883), (-0.353553, -0.92388, 2.557722), (-0.815493, 0.19509, 2.956171), (-0.768177, 0.382683, 2.924556), (-0.853553, 0.382683, 2.764829), (-0.906127, 0.19509, 2.786606), (-0.162212, -0.980785, 2.519662), (-0.31819, -0.92388, 2.623883), (-0.353553, -0.92388, 2.557722), (-0.18024, -0.980785, 2.485934), (-0.831469, 0, 2.966845), (-0.815493, 0.19509, 2.956171), (-0.906127, 0.19509, 2.786606), (-0.923879, 0, 2.7939591), (-0.162212, 0.980785, 2.519662), (0, 1, 2.411276), (-0.18024, 0.980785, 2.485934), (0, -1, 2.411276), (-0.162212, -0.980785, 2.519662), (-0.18024, -0.980785, 2.485934), (-0.815493, -0.19509, 2.956171), (-0.831469, 0, 2.966845), (-0.923879, 0, 2.7939591), (-0.906127, -0.19509, 2.786606), (-0.31819, 0.92388, 2.623883), (-0.162212, 0.980785, 2.519662), (-0.18024, 0.980785, 2.485934), (-0.353553, 0.92388, 2.557722), (-0.768177, -0.382683, 2.924556), (-0.815493, -0.19509, 2.956171), (-0.906127, -0.19509, 2.786606), (-0.853553, -0.382683, 2.764829), (-0.46194, 0.83147, 2.719934), (-0.31819, 0.92388, 2.623883), (-0.353553, 0.92388, 2.557722), (-0.51328, 0.83147, 2.623883), (-0.691341, -0.55557, 2.873215), (-0.768177, -0.382683, 2.924556), (-0.853553, -0.382683, 2.764829), (-0.768177, -0.55557, 2.729465), (-0.587938, 0.707107, 2.804123), (-0.46194, 0.83147, 2.719934), (-0.51328, 0.83147, 2.623883), (-0.653281, 0.707107, 2.681874), (-0.18024, 0.980785, 2.485934), (0, 1, 2.411276), (-0.191342, 0.980785, 2.449336), (0, -1, 2.411276), (-0.18024, -0.980785, 2.485934), (-0.191342, -0.980785, 2.449336), (-0.906127, -0.19509, 2.786606), (-0.923879, 0, 2.7939591), (-0.980784, 0, 2.606366), (-0.961939, -0.19509, 2.602617), (-0.353553, 0.92388, 2.557722), (-0.18024, 0.980785, 2.485934), (-0.191342, 0.980785, 2.449336), (-0.37533, 0.92388, 2.485934), (-0.853553, -0.382683, 2.764829), (-0.906127, -0.19509, 2.786606), (-0.961939, -0.19509, 2.602617), (-0.906127, -0.382683, 2.591516), (-0.51328, 0.83147, 2.623883), (-0.353553, 0.92388, 2.557722), (-0.37533, 0.92388, 2.485934), (-0.544895, 0.83147, 2.519662), (-0.768177, -0.55557, 2.729465), (-0.853553, -0.382683, 2.764829), (-0.906127, -0.382683, 2.591516), (-0.815493, -0.55557, 2.573487), (-0.653281, 0.707107, 2.681874), (-0.51328, 0.83147, 2.623883), (-0.544895, 0.83147, 2.519662), (-0.69352, 0.707107, 2.549226), (-0.653281, -0.707107, 2.681874), (-0.768177, -0.55557, 2.729465), (-0.815493, -0.55557, 2.573487), (-0.69352, -0.707107, 2.549226), (-0.768177, 0.55557, 2.729465), (-0.653281, 0.707107, 2.681874), (-0.69352, 0.707107, 2.549226), (-0.815493, 0.55557, 2.573487), (-0.51328, -0.83147, 2.623883), (-0.653281, -0.707107, 2.681874), (-0.69352, -0.707107, 2.549226), (-0.544895, -0.83147, 2.519662), (-0.853553, 0.382683, 2.764829), (-0.768177, 0.55557, 2.729465), (-0.815493, 0.55557, 2.573487), (-0.906127, 0.382683, 2.591516), (-0.353553, -0.92388, 2.557722), (-0.51328, -0.83147, 2.623883), (-0.544895, -0.83147, 2.519662), (-0.37533, -0.92388, 2.485934), (-0.906127, 0.19509, 2.786606), (-0.853553, 0.382683, 2.764829), (-0.906127, 0.382683, 2.591516), (-0.961939, 0.19509, 2.602617), (-0.18024, -0.980785, 2.485934), (-0.353553, -0.92388, 2.557722), (-0.37533, -0.92388, 2.485934), (-0.191342, -0.980785, 2.449336), (-0.923879, 0, 2.7939591), (-0.906127, 0.19509, 2.786606), (-0.961939, 0.19509, 2.602617), (-0.980784, 0, 2.606366), (-0.815493, 0.55557, 2.573487), (-0.69352, 0.707107, 2.549226), (-0.707107, 0.707107, 2.411276), (-0.831469, 0.55557, 2.411276), (-0.544895, -0.83147, 2.519662), (-0.69352, -0.707107, 2.549226), (-0.707107, -0.707107, 2.411276), (-0.55557, -0.83147, 2.411276), (-0.906127, 0.382683, 2.591516), (-0.815493, 0.55557, 2.573487), (-0.831469, 0.55557, 2.411276), (-0.923879, 0.382683, 2.411276), (-0.37533, -0.92388, 2.485934), (-0.544895, -0.83147, 2.519662), (-0.55557, -0.83147, 2.411276), (-0.382683, -0.92388, 2.411276), (-0.961939, 0.19509, 2.602617), (-0.906127, 0.382683, 2.591516), (-0.923879, 0.382683, 2.411276), (-0.980785, 0.19509, 2.411276), (-0.191342, -0.980785, 2.449336), (-0.37533, -0.92388, 2.485934), (-0.382683, -0.92388, 2.411276), (-0.19509, -0.980785, 2.411276), (-0.980784, 0, 2.606366), (-0.961939, 0.19509, 2.602617), (-0.980785, 0.19509, 2.411276), (-0.999999, 0, 2.411275), (-0.191342, 0.980785, 2.449336), (0, 1, 2.411276), (-0.19509, 0.980785, 2.411276), (0, -1, 2.411276), (-0.191342, -0.980785, 2.449336), (-0.19509, -0.980785, 2.411276), (-0.961939, -0.19509, 2.602617), (-0.980784, 0, 2.606366), (-0.999999, 0, 2.411275), (-0.980785, -0.19509, 2.411276), (-0.37533, 0.92388, 2.485934), (-0.191342, 0.980785, 2.449336), (-0.19509, 0.980785, 2.411276), (-0.382683, 0.92388, 2.411276), (-0.906127, -0.382683, 2.591516), (-0.961939, -0.19509, 2.602617), (-0.980785, -0.19509, 2.411276), (-0.923879, -0.382683, 2.411276), (-0.544895, 0.83147, 2.519662), (-0.37533, 0.92388, 2.485934), (-0.382683, 0.92388, 2.411276), (-0.55557, 0.83147, 2.411276), (-0.815493, -0.55557, 2.573487), (-0.906127, -0.382683, 2.591516), (-0.923879, -0.382683, 2.411276), (-0.831469, -0.55557, 2.411276), (-0.69352, 0.707107, 2.549226), (-0.544895, 0.83147, 2.519662), (-0.55557, 0.83147, 2.411276), (-0.707107, 0.707107, 2.411276), (-0.69352, -0.707107, 2.549226), (-0.815493, -0.55557, 2.573487), (-0.831469, -0.55557, 2.411276), (-0.707107, -0.707107, 2.411276), (-0.980785, -0.19509, 2.411276), (-0.999999, 0, 2.411275), (-0.980784, 0, 2.216185), (-0.961939, -0.19509, 2.219934), (-0.382683, 0.92388, 2.411276), (-0.19509, 0.980785, 2.411276), (-0.191342, 0.980785, 2.373216), (-0.37533, 0.92388, 2.336618), (-0.923879, -0.382683, 2.411276), (-0.980785, -0.19509, 2.411276), (-0.961939, -0.19509, 2.219934), (-0.906127, -0.382683, 2.231036), (-0.55557, 0.83147, 2.411276), (-0.382683, 0.92388, 2.411276), (-0.37533, 0.92388, 2.336618), (-0.544895, 0.83147, 2.3028889), (-0.831469, -0.55557, 2.411276), (-0.923879, -0.382683, 2.411276), (-0.906127, -0.382683, 2.231036), (-0.815493, -0.55557, 2.249064), (-0.707107, 0.707107, 2.411276), (-0.55557, 0.83147, 2.411276), (-0.544895, 0.83147, 2.3028889), (-0.69352, 0.707107, 2.273326), (-0.707107, -0.707107, 2.411276), (-0.831469, -0.55557, 2.411276), (-0.815493, -0.55557, 2.249064), (-0.69352, -0.707107, 2.273326), (-0.831469, 0.55557, 2.411276), (-0.707107, 0.707107, 2.411276), (-0.69352, 0.707107, 2.273326), (-0.815493, 0.55557, 2.249064), (-0.55557, -0.83147, 2.411276), (-0.707107, -0.707107, 2.411276), (-0.69352, -0.707107, 2.273326), (-0.544895, -0.83147, 2.3028889), (-0.923879, 0.382683, 2.411276), (-0.831469, 0.55557, 2.411276), (-0.815493, 0.55557, 2.249064), (-0.906127, 0.382683, 2.231036), (-0.382683, -0.92388, 2.411276), (-0.55557, -0.83147, 2.411276), (-0.544895, -0.83147, 2.3028889), (-0.37533, -0.92388, 2.336618), (-0.980785, 0.19509, 2.411276), (-0.923879, 0.382683, 2.411276), (-0.906127, 0.382683, 2.231036), (-0.961939, 0.19509, 2.219934), (-0.19509, -0.980785, 2.411276), (-0.382683, -0.92388, 2.411276), (-0.37533, -0.92388, 2.336618), (-0.191342, -0.980785, 2.373216), (-0.999999, 0, 2.411275), (-0.980785, 0.19509, 2.411276), (-0.961939, 0.19509, 2.219934), (-0.980784, 0, 2.216185), (-0.19509, 0.980785, 2.411276), (0, 1, 2.411276), (-0.191342, 0.980785, 2.373216), (0, -1, 2.411276), (-0.19509, -0.980785, 2.411276), (-0.191342, -0.980785, 2.373216), (-0.544895, -0.83147, 2.3028889), (-0.69352, -0.707107, 2.273326), (-0.653281, -0.707107, 2.140678), (-0.513279, -0.83147, 2.198668), (-0.906127, 0.382683, 2.231036), (-0.815493, 0.55557, 2.249064), (-0.768177, 0.55557, 2.093086), (-0.853553, 0.382683, 2.057723), (-0.37533, -0.92388, 2.336618), (-0.544895, -0.83147, 2.3028889), (-0.513279, -0.83147, 2.198668), (-0.353553, -0.92388, 2.264829), (-0.961939, 0.19509, 2.219934), (-0.906127, 0.382683, 2.231036), (-0.853553, 0.382683, 2.057723), (-0.906127, 0.19509, 2.035945), (-0.191342, -0.980785, 2.373216), (-0.37533, -0.92388, 2.336618), (-0.353553, -0.92388, 2.264829), (-0.18024, -0.980785, 2.336618), (-0.980784, 0, 2.216185), (-0.961939, 0.19509, 2.219934), (-0.906127, 0.19509, 2.035945), (-0.923878, 0, 2.028592), (-0.191342, 0.980785, 2.373216), (0, 1, 2.411276), (-0.18024, 0.980785, 2.336618), (0, -1, 2.411276), (-0.191342, -0.980785, 2.373216), (-0.18024, -0.980785, 2.336618), (-0.961939, -0.19509, 2.219934), (-0.980784, 0, 2.216185), (-0.923878, 0, 2.028592), (-0.906127, -0.19509, 2.035945), (-0.37533, 0.92388, 2.336618), (-0.191342, 0.980785, 2.373216), (-0.18024, 0.980785, 2.336618), (-0.353553, 0.92388, 2.264829), (-0.906127, -0.382683, 2.231036), (-0.961939, -0.19509, 2.219934), (-0.906127, -0.19509, 2.035945), (-0.853553, -0.382683, 2.057723), (-0.544895, 0.83147, 2.3028889), (-0.37533, 0.92388, 2.336618), (-0.353553, 0.92388, 2.264829), (-0.513279, 0.83147, 2.198668), (-0.815493, -0.55557, 2.249064), (-0.906127, -0.382683, 2.231036), (-0.853553, -0.382683, 2.057723), (-0.768177, -0.55557, 2.093086), (-0.69352, 0.707107, 2.273326), (-0.544895, 0.83147, 2.3028889), (-0.513279, 0.83147, 2.198668), (-0.653281, 0.707107, 2.140678), (-0.69352, -0.707107, 2.273326), (-0.815493, -0.55557, 2.249064), (-0.768177, -0.55557, 2.093086), (-0.653281, -0.707107, 2.140678), (-0.815493, 0.55557, 2.249064), (-0.69352, 0.707107, 2.273326), (-0.653281, 0.707107, 2.140678), (-0.768177, 0.55557, 2.093086), (-0.353553, 0.92388, 2.264829), (-0.18024, 0.980785, 2.336618), (-0.162212, 0.980785, 2.30289), (-0.318189, 0.92388, 2.198668), (-0.853553, -0.382683, 2.057723), (-0.906127, -0.19509, 2.035945), (-0.815493, -0.19509, 1.8663809), (-0.768177, -0.382683, 1.897996), (-0.513279, 0.83147, 2.198668), (-0.353553, 0.92388, 2.264829), (-0.318189, 0.92388, 2.198668), (-0.461939, 0.83147, 2.102618), (-0.768177, -0.55557, 2.093086), (-0.853553, -0.382683, 2.057723), (-0.768177, -0.382683, 1.897996), (-0.691341, -0.55557, 1.949336), (-0.653281, 0.707107, 2.140678), (-0.513279, 0.83147, 2.198668), (-0.461939, 0.83147, 2.102618), (-0.587938, 0.707107, 2.018429), (-0.653281, -0.707107, 2.140678), (-0.768177, -0.55557, 2.093086), (-0.691341, -0.55557, 1.949336), (-0.587938, -0.707107, 2.018429), (-0.768177, 0.55557, 2.093086), (-0.653281, 0.707107, 2.140678), (-0.587938, 0.707107, 2.018429), (-0.691341, 0.55557, 1.949336), (-0.513279, -0.83147, 2.198668), (-0.653281, -0.707107, 2.140678), (-0.587938, -0.707107, 2.018429), (-0.461939, -0.83147, 2.102618), (-0.853553, 0.382683, 2.057723), (-0.768177, 0.55557, 2.093086), (-0.691341, 0.55557, 1.949336), (-0.768177, 0.382683, 1.897996), (-0.353553, -0.92388, 2.264829), (-0.513279, -0.83147, 2.198668), (-0.461939, -0.83147, 2.102618), (-0.318189, -0.92388, 2.198668), (-0.906127, 0.19509, 2.035945), (-0.853553, 0.382683, 2.057723), (-0.768177, 0.382683, 1.897996), (-0.815493, 0.19509, 1.8663809), (-0.18024, -0.980785, 2.336618), (-0.353553, -0.92388, 2.264829), (-0.318189, -0.92388, 2.198668), (-0.162212, -0.980785, 2.30289), (-0.923878, 0, 2.028592), (-0.906127, 0.19509, 2.035945), (-0.815493, 0.19509, 1.8663809), (-0.831468, 0, 1.855706), (-0.18024, 0.980785, 2.336618), (0, 1, 2.411276), (-0.162212, 0.980785, 2.30289), (0, -1, 2.411276), (-0.18024, -0.980785, 2.336618), (-0.162212, -0.980785, 2.30289), (-0.906127, -0.19509, 2.035945), (-0.923878, 0, 2.028592), (-0.831468, 0, 1.855706), (-0.815493, -0.19509, 1.8663809), (-0.768177, 0.382683, 1.897996), (-0.691341, 0.55557, 1.949336), (-0.587937, 0.55557, 1.823338), (-0.653281, 0.382683, 1.757995), (-0.318189, -0.92388, 2.198668), (-0.461939, -0.83147, 2.102618), (-0.392847, -0.83147, 2.018429), (-0.270598, -0.92388, 2.140678), (-0.815493, 0.19509, 1.8663809), (-0.768177, 0.382683, 1.897996), (-0.653281, 0.382683, 1.757995), (-0.693519, 0.19509, 1.717756), (-0.162212, -0.980785, 2.30289), (-0.318189, -0.92388, 2.198668), (-0.270598, -0.92388, 2.140678), (-0.13795, -0.980785, 2.273326), (-0.831468, 0, 1.855706), (-0.815493, 0.19509, 1.8663809), (-0.693519, 0.19509, 1.717756), (-0.707106, 0, 1.70417), (-0.162212, 0.980785, 2.30289), (0, 1, 2.411276), (-0.13795, 0.980785, 2.273326), (0, -1, 2.411276), (-0.162212, -0.980785, 2.30289), (-0.13795, -0.980785, 2.273326), (-0.815493, -0.19509, 1.8663809), (-0.831468, 0, 1.855706), (-0.707106, 0, 1.70417), (-0.693519, -0.19509, 1.717756), (-0.318189, 0.92388, 2.198668), (-0.162212, 0.980785, 2.30289), (-0.13795, 0.980785, 2.273326), (-0.270598, 0.92388, 2.140678), (-0.768177, -0.382683, 1.897996), (-0.815493, -0.19509, 1.8663809), (-0.693519, -0.19509, 1.717756), (-0.653281, -0.382683, 1.757995), (-0.461939, 0.83147, 2.102618), (-0.318189, 0.92388, 2.198668), (-0.270598, 0.92388, 2.140678), (-0.392847, 0.83147, 2.018429), (-0.691341, -0.55557, 1.949336), (-0.768177, -0.382683, 1.897996), (-0.653281, -0.382683, 1.757995), (-0.587937, -0.55557, 1.823338), (-0.587938, 0.707107, 2.018429), (-0.461939, 0.83147, 2.102618), (-0.392847, 0.83147, 2.018429), (-0.5, 0.707107, 1.911276), (-0.587938, -0.707107, 2.018429), (-0.691341, -0.55557, 1.949336), (-0.587937, -0.55557, 1.823338), (-0.5, -0.707107, 1.911276), (-0.691341, 0.55557, 1.949336), (-0.587938, 0.707107, 2.018429), (-0.5, 0.707107, 1.911276), (-0.587937, 0.55557, 1.823338), (-0.461939, -0.83147, 2.102618), (-0.587938, -0.707107, 2.018429), (-0.5, -0.707107, 1.911276), (-0.392847, -0.83147, 2.018429), (-0.653281, -0.382683, 1.757995), (-0.693519, -0.19509, 1.717756), (-0.544895, -0.19509, 1.595783), (-0.51328, -0.382683, 1.643098), (-0.392847, 0.83147, 2.018429), (-0.270598, 0.92388, 2.140678), (-0.212607, 0.92388, 2.093086), (-0.308658, 0.83147, 1.949336), (-0.587937, -0.55557, 1.823338), (-0.653281, -0.382683, 1.757995), (-0.51328, -0.382683, 1.643098), (-0.461939, -0.55557, 1.719934), (-0.5, 0.707107, 1.911276), (-0.392847, 0.83147, 2.018429), (-0.308658, 0.83147, 1.949336), (-0.392847, 0.707107, 1.823338), (-0.5, -0.707107, 1.911276), (-0.587937, -0.55557, 1.823338), (-0.461939, -0.55557, 1.719934), (-0.392847, -0.707107, 1.823338), (-0.587937, 0.55557, 1.823338), (-0.5, 0.707107, 1.911276), (-0.392847, 0.707107, 1.823338), (-0.461939, 0.55557, 1.719934), (-0.392847, -0.83147, 2.018429), (-0.5, -0.707107, 1.911276), (-0.392847, -0.707107, 1.823338), (-0.308658, -0.83147, 1.949336), (-0.653281, 0.382683, 1.757995), (-0.587937, 0.55557, 1.823338), (-0.461939, 0.55557, 1.719934), (-0.51328, 0.382683, 1.643098), (-0.270598, -0.92388, 2.140678), (-0.392847, -0.83147, 2.018429), (-0.308658, -0.83147, 1.949336), (-0.212607, -0.92388, 2.093086), (-0.693519, 0.19509, 1.717756), (-0.653281, 0.382683, 1.757995), (-0.51328, 0.382683, 1.643098), (-0.544895, 0.19509, 1.595783), (-0.13795, -0.980785, 2.273326), (-0.270598, -0.92388, 2.140678), (-0.212607, -0.92388, 2.093086), (-0.108386, -0.980785, 2.249064), (-0.707106, 0, 1.70417), (-0.693519, 0.19509, 1.717756), (-0.544895, 0.19509, 1.595783), (-0.555569, 0, 1.579807), (-0.13795, 0.980785, 2.273326), (0, 1, 2.411276), (-0.108386, 0.980785, 2.249064), (0, -1, 2.411276), (-0.13795, -0.980785, 2.273326), (-0.108386, -0.980785, 2.249064), (-0.693519, -0.19509, 1.717756), (-0.707106, 0, 1.70417), (-0.555569, 0, 1.579807), (-0.544895, -0.19509, 1.595783), (-0.270598, 0.92388, 2.140678), (-0.13795, 0.980785, 2.273326), (-0.108386, 0.980785, 2.249064), (-0.212607, 0.92388, 2.093086), (-0.212607, -0.92388, 2.093086), (-0.308658, -0.83147, 1.949336), (-0.212607, -0.83147, 1.897996), (-0.146446, -0.92388, 2.057723), (-0.544895, 0.19509, 1.595783), (-0.51328, 0.382683, 1.643098), (-0.353553, 0.382683, 1.557723), (-0.37533, 0.19509, 1.505149), (-0.108386, -0.980785, 2.249064), (-0.212607, -0.92388, 2.093086), (-0.146446, -0.92388, 2.057723), (-0.074658, -0.980785, 2.231036), (-0.555569, 0, 1.579807), (-0.544895, 0.19509, 1.595783), (-0.37533, 0.19509, 1.505149), (-0.382683, 0, 1.487397), (-0.108386, 0.980785, 2.249064), (0, 1, 2.411276), (-0.074658, 0.980785, 2.231036), (0, -1, 2.411276), (-0.108386, -0.980785, 2.249064), (-0.074658, -0.980785, 2.231036), (-0.544895, -0.19509, 1.595783), (-0.555569, 0, 1.579807), (-0.382683, 0, 1.487397), (-0.37533, -0.19509, 1.505149), (-0.212607, 0.92388, 2.093086), (-0.108386, 0.980785, 2.249064), (-0.074658, 0.980785, 2.231036), (-0.146446, 0.92388, 2.057723), (-0.51328, -0.382683, 1.643098), (-0.544895, -0.19509, 1.595783), (-0.37533, -0.19509, 1.505149), (-0.353553, -0.382683, 1.557723), (-0.308658, 0.83147, 1.949336), (-0.212607, 0.92388, 2.093086), (-0.146446, 0.92388, 2.057723), (-0.212607, 0.83147, 1.897996), (-0.461939, -0.55557, 1.719934), (-0.51328, -0.382683, 1.643098), (-0.353553, -0.382683, 1.557723), (-0.318189, -0.55557, 1.6430991), (-0.392847, 0.707107, 1.823338), (-0.308658, 0.83147, 1.949336), (-0.212607, 0.83147, 1.897996), (-0.270598, 0.707107, 1.757995), (-0.392847, -0.707107, 1.823338), (-0.461939, -0.55557, 1.719934), (-0.318189, -0.55557, 1.6430991), (-0.270598, -0.707107, 1.757995), (-0.461939, 0.55557, 1.719934), (-0.392847, 0.707107, 1.823338), (-0.270598, 0.707107, 1.757995), (-0.318189, 0.55557, 1.6430991), (-0.308658, -0.83147, 1.949336), (-0.392847, -0.707107, 1.823338), (-0.270598, -0.707107, 1.757995), (-0.212607, -0.83147, 1.897996), (-0.51328, 0.382683, 1.643098), (-0.461939, 0.55557, 1.719934), (-0.318189, 0.55557, 1.6430991), (-0.353553, 0.382683, 1.557723), (-0.318189, -0.55557, 1.6430991), (-0.353553, -0.382683, 1.557723), (-0.18024, -0.382683, 1.505149), (-0.162211, -0.55557, 1.595783), (-0.270598, 0.707107, 1.757995), (-0.212607, 0.83147, 1.897996), (-0.108386, 0.83147, 1.8663809), (-0.13795, 0.707107, 1.717756), (-0.270598, -0.707107, 1.757995), (-0.318189, -0.55557, 1.6430991), (-0.162211, -0.55557, 1.595783), (-0.13795, -0.707107, 1.717756), (-0.318189, 0.55557, 1.6430991), (-0.270598, 0.707107, 1.757995), (-0.13795, 0.707107, 1.717756), (-0.162211, 0.55557, 1.595783), (-0.212607, -0.83147, 1.897996), (-0.270598, -0.707107, 1.757995), (-0.13795, -0.707107, 1.717756), (-0.108386, -0.83147, 1.8663809), (-0.353553, 0.382683, 1.557723), (-0.318189, 0.55557, 1.6430991), (-0.162211, 0.55557, 1.595783), (-0.18024, 0.382683, 1.505149), (-0.146446, -0.92388, 2.057723), (-0.212607, -0.83147, 1.897996), (-0.108386, -0.83147, 1.8663809), (-0.074658, -0.92388, 2.035946), (-0.37533, 0.19509, 1.505149), (-0.353553, 0.382683, 1.557723), (-0.18024, 0.382683, 1.505149), (-0.191341, 0.19509, 1.449337), (-0.074658, -0.980785, 2.231036), (-0.146446, -0.92388, 2.057723), (-0.074658, -0.92388, 2.035946), (-0.03806, -0.980785, 2.219934), (-0.382683, 0, 1.487397), (-0.37533, 0.19509, 1.505149), (-0.191341, 0.19509, 1.449337), (-0.19509, 0, 1.430492), (-0.074658, 0.980785, 2.231036), (0, 1, 2.411276), (-0.03806, 0.980785, 2.219934), (0, -1, 2.411276), (-0.074658, -0.980785, 2.231036), (-0.03806, -0.980785, 2.219934), (-0.37533, -0.19509, 1.505149), (-0.382683, 0, 1.487397), (-0.19509, 0, 1.430492), (-0.191341, -0.19509, 1.449337), (-0.146446, 0.92388, 2.057723), (-0.074658, 0.980785, 2.231036), (-0.03806, 0.980785, 2.219934), (-0.074658, 0.92388, 2.035946), (-0.353553, -0.382683, 1.557723), (-0.37533, -0.19509, 1.505149), (-0.191341, -0.19509, 1.449337), (-0.18024, -0.382683, 1.505149), (-0.212607, 0.83147, 1.897996), (-0.146446, 0.92388, 2.057723), (-0.074658, 0.92388, 2.035946), (-0.108386, 0.83147, 1.8663809), (-0.03806, -0.980785, 2.219934), (-0.074658, -0.92388, 2.035946), (0, -0.92388, 2.028593), (0, -0.980785, 2.216186), (-0.19509, 0, 1.430492), (-0.191341, 0.19509, 1.449337), (0, 0.19509, 1.430491), (0, 0, 1.411276), (-0.03806, 0.980785, 2.219934), (0, 1, 2.411276), (0, 0.980785, 2.216186), (0, -1, 2.411276), (-0.03806, -0.980785, 2.219934), (0, -0.980785, 2.216186), (-0.191341, -0.19509, 1.449337), (-0.19509, 0, 1.430492), (0, 0, 1.411276), (0, -0.19509, 1.430491), (-0.074658, 0.92388, 2.035946), (-0.03806, 0.980785, 2.219934), (0, 0.980785, 2.216186), (0, 0.92388, 2.028593), (-0.18024, -0.382683, 1.505149), (-0.191341, -0.19509, 1.449337), (0, -0.19509, 1.430491), (0, -0.382683, 1.487397), (-0.108386, 0.83147, 1.8663809), (-0.074658, 0.92388, 2.035946), (0, 0.92388, 2.028593), (0, 0.83147, 1.855706), (-0.162211, -0.55557, 1.595783), (-0.18024, -0.382683, 1.505149), (0, -0.382683, 1.487397), (0, -0.55557, 1.5798061), (-0.13795, 0.707107, 1.717756), (-0.108386, 0.83147, 1.8663809), (0, 0.83147, 1.855706), (0, 0.707107, 1.704169), (-0.13795, -0.707107, 1.717756), (-0.162211, -0.55557, 1.595783), (0, -0.55557, 1.5798061), (0, -0.707107, 1.704169), (-0.162211, 0.55557, 1.595783), (-0.13795, 0.707107, 1.717756), (0, 0.707107, 1.704169), (0, 0.55557, 1.5798061), (-0.108386, -0.83147, 1.8663809), (-0.13795, -0.707107, 1.717756), (0, -0.707107, 1.704169), (0, -0.83147, 1.855706), (-0.18024, 0.382683, 1.505149), (-0.162211, 0.55557, 1.595783), (0, 0.55557, 1.5798061), (0, 0.382683, 1.487397), (-0.074658, -0.92388, 2.035946), (-0.108386, -0.83147, 1.8663809), (0, -0.83147, 1.855706), (0, -0.92388, 2.028593), (-0.191341, 0.19509, 1.449337), (-0.18024, 0.382683, 1.505149), (0, 0.382683, 1.487397), (0, 0.19509, 1.430491)]
        uniform token subdivisionScheme = "none"
    }

    def Material "Material_003"
    {
        token outputs:surface.connect = </World/Material_003/Shader.outputs:surface>

        def Shader "Shader"
        {
            uniform token info:id = "UsdPreviewSurface"
            color3f inputs:diffuseColor = (0.800007, 0.003168, 0.004181)
            color3f inputs:emissiveColor = (0, 0, 0)
            float inputs:roughness = 0
            color3f inputs:specularColor = (0.5, 0.5, 0.5)
            int inputs:useSpecularWorkflow = 1
            token outputs:surface
        }
    }

    def Mesh "Cone" (
        prepend apiSchemas = ["MaterialBindingAPI"]
    )
    {
        int[] faceVertexCounts = [3, 3, 3, 3, 3, 3, 3, 3, 3, 3, 3, 3, 3, 3, 3, 3, 3, 3, 3, 3, 3, 3, 3, 3, 3, 3, 3, 3, 3, 3, 32, 3, 3]
        int[] faceVertexIndices = [0, 1, 2, 3, 4, 5, 6, 7, 8, 9, 10, 11, 12, 13, 14, 15, 16, 17, 18, 19, 20, 21, 22, 23, 24, 25, 26, 27, 28, 29, 30, 31, 32, 33, 34, 35, 36, 37, 38, 39, 40, 41, 42, 43, 44, 45, 46, 47, 48, 49, 50, 51, 52, 53, 54, 55, 56, 57, 58, 59, 60, 61, 62, 63, 64, 65, 66, 67, 68, 69, 70, 71, 72, 73, 74, 75, 76, 77, 78, 79, 80, 81, 82, 83, 84, 85, 86, 87, 88, 89, 90, 91, 92, 93, 94, 95, 96, 97, 98, 99, 100, 101, 102, 103, 104, 105, 106, 107, 108, 109, 110, 111, 112, 113, 114, 115, 116, 117, 118, 119, 120, 121, 122, 123, 124, 125, 126, 127]
        rel material:binding = </World/Material_002>
        normal3f[] normals = [(0.0878, 0.4455, -0.891), (0.0878, 0.4455, -0.891), (0.0878, 0.4455, -0.891), (0.2599, 0.4455, -0.8567), (0.2599, 0.4455, -0.8567), (0.2599, 0.4455, -0.8567), (0.422, 0.4455, -0.7896), (0.422, 0.4455, -0.7896), (0.422, 0.4455, -0.7896), (0.568, 0.4455, -0.6921), (0.568, 0.4455, -0.6921), (0.568, 0.4455, -0.6921), (0.6921, 0.4455, -0.568), (0.6921, 0.4455, -0.568), (0.6921, 0.4455, -0.568), (0.7896, 0.4455, -0.422), (0.7896, 0.4455, -0.422), (0.7896, 0.4455, -0.422), (0.8567, 0.4455, -0.2599), (0.8567, 0.4455, -0.2599), (0.8567, 0.4455, -0.2599), (0.891, 0.4455, -0.0878), (0.891, 0.4455, -0.0878), (0.891, 0.4455, -0.0878), (0.891, 0.4455, 0.0878), (0.891, 0.4455, 0.0878), (0.891, 0.4455, 0.0878), (0.8567, 0.4455, 0.2599), (0.8567, 0.4455, 0.2599), (0.8567, 0.4455, 0.2599), (0.7896, 0.4455, 0.422), (0.7896, 0.4455, 0.422), (0.7896, 0.4455, 0.422), (0.6921, 0.4455, 0.568), (0.6921, 0.4455, 0.568), (0.6921, 0.4455, 0.568), (0.568, 0.4455, 0.6921), (0.568, 0.4455, 0.6921), (0.568, 0.4455, 0.6921), (0.422, 0.4455, 0.7896), (0.422, 0.4455, 0.7896), (0.422, 0.4455, 0.7896), (0.2599, 0.4455, 0.8567), (0.2599, 0.4455, 0.8567), (0.2599, 0.4455, 0.8567), (0.0878, 0.4455, 0.891), (0.0878, 0.4455, 0.891), (0.0878, 0.4455, 0.891), (-0.0878, 0.4455, 0.891), (-0.0878, 0.4455, 0.891), (-0.0878, 0.4455, 0.891), (-0.2599, 0.4455, 0.8567), (-0.2599, 0.4455, 0.8567), (-0.2599, 0.4455, 0.8567), (-0.422, 0.4455, 0.7896), (-0.422, 0.4455, 0.7896), (-0.422, 0.4455, 0.7896), (-0.568, 0.4455, 0.6921), (-0.568, 0.4455, 0.6921), (-0.568, 0.4455, 0.6921), (-0.6921, 0.4455, 0.568), (-0.6921, 0.4455, 0.568), (-0.6921, 0.4455, 0.568), (-0.7896, 0.4455, 0.422), (-0.7896, 0.4455, 0.422), (-0.7896, 0.4455, 0.422), (-0.8567, 0.4455, 0.2599), (-0.8567, 0.4455, 0.2599), (-0.8567, 0.4455, 0.2599), (-0.891, 0.4455, 0.0878), (-0.891, 0.4455, 0.0878), (-0.891, 0.4455, 0.0878), (-0.891, 0.4455, -0.0878), (-0.891, 0.4455, -0.0878), (-0.891, 0.4455, -0.0878), (-0.8567, 0.4455, -0.2599), (-0.8567, 0.4455, -0.2599), (-0.8567, 0.4455, -0.2599), (-0.7896, 0.4455, -0.422), (-0.7896, 0.4455, -0.422), (-0.7896, 0.4455, -0.422), (-0.6921, 0.4455, -0.568), (-0.6921, 0.4455, -0.568), (-0.6921, 0.4455, -0.568), (-0.568, 0.4455, -0.6921), (-0.568, 0.4455, -0.6921), (-0.568, 0.4455, -0.6921), (-0.422, 0.4455, -0.7896), (-0.422, 0.4455, -0.7896), (-0.422, 0.4455, -0.7896), (-0, -1, -0), (-0, -1, -0), (-0, -1, -0), (-0, -1, -0), (-0, -1, -0), (-0, -1, -0), (-0, -1, -0), (-0, -1, -0), (-0, -1, -0), (-0, -1, -0), (-0, -1, -0), (-0, -1, -0), (-0, -1, -0), (-0, -1, -0), (-0, -1, -0), (-0, -1, -0), (-0, -1, -0), (-0, -1, -0), (-0, -1, -0), (-0, -1, -0), (-0, -1, -0), (-0, -1, -0), (-0, -1, -0), (-0, -1, -0), (-0, -1, -0), (-0, -1, -0), (-0, -1, -0), (-0, -1, -0), (-0, -1, -0), (-0, -1, -0), (-0, -1, -0), (-0, -1, -0), (-0.2599, 0.4455, -0.8567), (-0.2599, 0.4455, -0.8567), (-0.2599, 0.4455, -0.8567), (-0.0878, 0.4455, -0.891), (-0.0878, 0.4455, -0.891), (-0.0878, 0.4455, -0.891)]
        point3f[] points = [(-3.6266031, -1, -1), (-3.6266031, 1, 0), (-3.431513, -1, -0.980785), (-3.431513, -1, -0.980785), (-3.6266031, 1, 0), (-3.24392, -1, -0.92388), (-3.24392, -1, -0.92388), (-3.6266031, 1, 0), (-3.071033, -1, -0.83147), (-3.071033, -1, -0.83147), (-3.6266031, 1, 0), (-2.919497, -1, -0.707107), (-2.919497, -1, -0.707107), (-3.6266031, 1, 0), (-2.795134, -1, -0.55557), (-2.795134, -1, -0.55557), (-3.6266031, 1, 0), (-2.702724, -1, -0.382683), (-2.702724, -1, -0.382683), (-3.6266031, 1, 0), (-2.645818, -1, -0.19509), (-2.645818, -1, -0.19509), (-3.6266031, 1, 0), (-2.6266031, -1, 0), (-2.6266031, -1, 0), (-3.6266031, 1, 0), (-2.645818, -1, 0.19509), (-2.645818, -1, 0.19509), (-3.6266031, 1, 0), (-2.702724, -1, 0.382683), (-2.702724, -1, 0.382683), (-3.6266031, 1, 0), (-2.795134, -1, 0.55557), (-2.795134, -1, 0.55557), (-3.6266031, 1, 0), (-2.919497, -1, 0.707107), (-2.919497, -1, 0.707107), (-3.6266031, 1, 0), (-3.071033, -1, 0.83147), (-3.071033, -1, 0.83147), (-3.6266031, 1, 0), (-3.24392, -1, 0.92388), (-3.24392, -1, 0.92388), (-3.6266031, 1, 0), (-3.431513, -1, 0.980785), (-3.431513, -1, 0.980785), (-3.6266031, 1, 0), (-3.6266031, -1, 1), (-3.6266031, -1, 1), (-3.6266031, 1, 0), (-3.821694, -1, 0.980785), (-3.821694, -1, 0.980785), (-3.6266031, 1, 0), (-4.009287, -1, 0.92388), (-4.009287, -1, 0.92388), (-3.6266031, 1, 0), (-4.182174, -1, 0.83147), (-4.182174, -1, 0.83147), (-3.6266031, 1, 0), (-4.33371, -1, 0.707107), (-4.33371, -1, 0.707107), (-3.6266031, 1, 0), (-4.458073, -1, 0.55557), (-4.458073, -1, 0.55557), (-3.6266031, 1, 0), (-4.5504827, -1, 0.382683), (-4.5504827, -1, 0.382683), (-3.6266031, 1, 0), (-4.607388, -1, 0.19509), (-4.607388, -1, 0.19509), (-3.6266031, 1, 0), (-4.626603, -1, 0), (-4.626603, -1, 0), (-3.6266031, 1, 0), (-4.607388, -1, -0.19509), (-4.607388, -1, -0.19509), (-3.6266031, 1, 0), (-4.5504827, -1, -0.382683), (-4.5504827, -1, -0.382683), (-3.6266031, 1, 0), (-4.458073, -1, -0.55557), (-4.458073, -1, -0.55557), (-3.6266031, 1, 0), (-4.33371, -1, -0.707107), (-4.33371, -1, -0.707107), (-3.6266031, 1, 0), (-4.182174, -1, -0.83147), (-4.182174, -1, -0.83147), (-3.6266031, 1, 0), (-4.009287, -1, -0.92388), (-3.6266031, -1, -1), (-3.431513, -1, -0.980785), (-3.24392, -1, -0.92388), (-3.071033, -1, -0.83147), (-2.919497, -1, -0.707107), (-2.795134, -1, -0.55557), (-2.702724, -1, -0.382683), (-2.645818, -1, -0.19509), (-2.6266031, -1, 0), (-2.645818, -1, 0.19509), (-2.702724, -1, 0.382683), (-2.795134, -1, 0.55557), (-2.919497, -1, 0.707107), (-3.071033, -1, 0.83147), (-3.24392, -1, 0.92388), (-3.431513, -1, 0.980785), (-3.6266031, -1, 1), (-3.821694, -1, 0.980785), (-4.009287, -1, 0.92388), (-4.182174, -1, 0.83147), (-4.33371, -1, 0.707107), (-4.458073, -1, 0.55557), (-4.5504827, -1, 0.382683), (-4.607388, -1, 0.19509), (-4.626603, -1, 0), (-4.607388, -1, -0.19509), (-4.5504827, -1, -0.382683), (-4.458073, -1, -0.55557), (-4.33371, -1, -0.707107), (-4.182174, -1, -0.83147), (-4.009287, -1, -0.92388), (-3.821694, -1, -0.980785), (-4.009287, -1, -0.92388), (-3.6266031, 1, 0), (-3.821694, -1, -0.980785), (-3.821694, -1, -0.980785), (-3.6266031, 1, 0), (-3.6266031, -1, -1)]
        uniform token subdivisionScheme = "none"
    }

    def Material "Material_002"
    {
        token outputs:surface.connect = </World/Material_002/Shader.outputs:surface>

        def Shader "Shader"
        {
            uniform token info:id = "UsdPreviewSurface"
            color3f inputs:diffuseColor = (0.800133, 0.725402, 0.001204)
            color3f inputs:emissiveColor = (0, 0, 0)
            float inputs:roughness = 1
            color3f inputs:specularColor = (0.5, 0.5, 0.5)
            int inputs:useSpecularWorkflow = 1
            token outputs:surface
        }
    }
}

